answer,num_guesses,won,seconds,guesses
aback,4,1,0.3403,tarse colin busky aback
abase,4,1,0.0003,tarse melch abuse abase
abate,4,1,0.0002,tarse auloi agate abate
abbey,4,1,2.2676,tarse leman aiyoh abbey
abbot,4,1,0.4596,tarse point gulfy abbot
abhor,5,1,1.5830,tarse colin amari abaka abhor
abide,4,1,1.2365,tarse clang above abide
abled,4,1,1.9412,tarse leman speld abled
abode,4,1,1.3483,tarse clang above abode
abort,4,1,0.4702,tarse franc patta abort
about,4,1,0.3854,tarse point gulfy about
above,3,1,1.3791,tarse clang above
abuse,3,1,0.0016,tarse melch abuse
abyss,3,1,0.0004,tarse lymph abyss
acorn,3,1,0.0003,tarse colin acorn
acrid,3,1,0.0002,tarse aboma acrid
actor,3,1,0.0003,tarse franc actor
acute,3,1,0.0002,tarse auloi acute
adage,4,1,0.5534,tarse clang hiped adage
adapt,3,1,0.0004,tarse point adapt
adept,4,1,0.7916,tarse melch enema adept
admin,4,1,0.2051,tarse colin mudge admin
admit,4,1,0.8924,tarse point almah admit
adobe,4,1,1.3684,tarse clang above adobe
adopt,3,1,0.0008,tarse point adopt
adore,4,1,0.6132,tarse brack afoam adore
adorn,4,1,0.1904,tarse colin aboil adorn
adult,4,1,0.4271,tarse point bugan adult
affix,4,1,0.1988,tarse colin faugh affix
afire,4,1,0.5661,tarse brack afoam afire
afoot,4,1,0.3655,tarse point gulfy afoot
afoul,4,1,0.2875,tarse colin flush afoul
after,4,1,0.1864,tarse petal brief after
again,4,1,0.1763,tarse colin mudge again
agape,4,1,0.4864,tarse clang hiped agape
agate,3,1,0.0003,tarse auloi agate
agent,4,1,0.6831,tarse melch enema agent
agile,3,1,0.0006,tarse clang agile
aging,4,1,3.9206,tarse colin aguna aging
aglow,4,1,1.6895,tarse colin plowt aglow
agony,4,1,0.1961,tarse colin gyoza agony
agora,4,1,1.4569,tarse colin amari agora
agree,2,1,0.0002,tarse agree
ahead,4,1,0.2016,tarse leman apish ahead
aider,4,1,0.1846,tarse debel crink aider
aisle,4,1,0.1681,tarse delph clank aisle
alarm,4,1,1.8503,tarse colin madal alarm
album,4,1,6.3841,tarse colin bumpy album
alert,3,1,0.0005,tarse petal alert
algae,3,1,0.0003,tarse clang algae
alibi,4,1,2.3038,tarse colin alpha alibi
alien,4,1,0.1923,tarse leman shirt alien
align,3,1,0.0008,tarse colin align
alike,4,1,0.5766,tarse clang bulky alike
alive,4,1,0.5915,tarse clang bulky alive
allay,4,1,1.4556,tarse colin bleak allay
alley,4,1,1.9277,tarse leman speld alley
allot,4,1,0.3328,tarse point gulfy allot
allow,4,1,1.6117,tarse colin plowt allow
alloy,4,1,1.6161,tarse colin plowt alloy
aloft,4,1,0.3064,tarse point gulfy aloft
alone,3,1,0.0006,tarse clang alone
along,4,1,0.1977,tarse colin boong along
aloof,4,1,0.3131,tarse colin flush aloof
aloud,4,1,0.3028,tarse colin flush aloud
alpha,5,1,6.4658,tarse colin bumpy apgar alpha
altar,4,1,0.4687,tarse franc patta altar
alter,3,1,0.0003,tarse petal alter
amass,4,1,0.2098,tarse lymph ammas amass
amaze,4,1,1.6076,tarse clang avize amaze
amber,3,1,0.0005,tarse debel amber
amble,4,1,1.0052,tarse clang blimp amble
amend,3,1,0.0005,tarse leman amend
amiss,4,1,0.2160,tarse lymph ammas amiss
amity,3,1,0.0006,tarse point amity
among,4,1,0.1918,tarse colin gyoza among
ample,4,1,1.0278,tarse clang blimp ample
amply,4,1,6.2755,tarse colin bumpy amply
amuse,3,1,0.0004,tarse melch amuse
angel,3,1,0.0003,tarse leman angel
anger,4,1,1.0597,tarse debel ngati anger
angle,3,1,0.0003,tarse clang angle
angry,4,1,2.4171,tarse colin debug angry
angst,3,1,0.0003,tarse ascot angst
anime,4,1,0.1799,tarse clang divan anime
ankle,3,1,0.0006,tarse clang ankle
annex,4,1,1.5664,tarse leman arbah annex
annoy,4,1,0.2188,tarse colin gyoza annoy
annul,4,1,1.1899,tarse colin banda annul
anode,4,1,0.2322,tarse clang divan anode
antic,4,1,0.0006,tarse point actin antic
anvil,3,1,0.0004,tarse colin anvil
aorta,3,1,0.0003,tarse oyama aorta
apart,4,1,0.2208,tarse franc loipe apart
aphid,4,1,0.2552,tarse colin faugh aphid
aping,5,1,4.5105,tarse colin aguna kylix aping
apnea,4,1,1.4965,tarse leman arbah apnea
apple,4,1,1.0525,tarse clang blimp apple
apply,4,1,6.2955,tarse colin bumpy apply
apron,4,1,0.1999,tarse aboma clown apron
aptly,3,1,0.0003,tarse point aptly
arbor,5,1,1.7223,tarse colin amari abaka arbor
ardor,5,1,1.6590,tarse colin amari abaka ardor
arena,4,1,2.5820,tarse debel acock arena
argue,3,1,0.0003,tarse brack argue
arise,3,1,0.0003,tarse appui arise
armor,4,1,1.2729,tarse colin amari armor
aroma,4,1,1.2294,tarse colin amari aroma
arose,3,1,0.0003,tarse appui arose
array,3,1,0.0003,tarse aboma array
arrow,4,1,0.2059,tarse aboma clown arrow
arson,4,1,0.6499,tarse cramp naiad arson
artsy,3,1,0.0008,tarse roast artsy
ascot,3,1,0.0004,tarse clans ascot
ashen,4,1,0.2247,tarse deans pheon ashen
aside,3,1,0.0005,tarse delph aside
askew,4,1,0.7567,tarse deans fakey askew
assay,4,1,0.1733,tarse plaas mosey assay
asset,3,1,0.0003,tarse mesal asset
atoll,4,1,0.6353,tarse point octal atoll
atone,3,1,0.0005,tarse auloi atone
attic,4,1,1.2534,tarse point limba attic
audio,4,1,0.2367,tarse colin dived audio
audit,4,1,0.8373,tarse point almah audit
augur,5,1,4.7014,tarse colin drapy rhumb augur
aunty,4,1,0.2029,tarse point muggy aunty
avail,4,1,0.4725,tarse colin abjud avail
avert,3,1,0.0005,tarse petal avert
avian,4,1,0.7381,tarse colin waive avian
avoid,4,1,0.2316,tarse colin dived avoid
await,4,1,0.8280,tarse point almah await
awake,4,1,1.4882,tarse clang avize awake
award,5,1,4.5225,tarse colin drapy awarn award
aware,4,1,1.5198,tarse brack lough aware
awash,4,1,0.4075,tarse lymph awful awash
awful,4,1,6.0035,tarse colin bumpy awful
awoke,4,1,1.2569,tarse clang above awoke
axial,4,1,2.2958,tarse colin alpha axial
axiom,4,1,0.9975,tarse colin odism axiom
axion,5,1,0.2110,tarse colin anion infix axion
azure,4,1,0.5663,tarse brack afoam azure
bacon,4,1,0.4747,tarse nimby jalop bacon
badge,3,1,0.0008,tarse climb badge
badly,4,1,0.7105,tarse nimby kidel badly
bagel,4,1,2.6024,tarse pownd ghyll bagel
baggy,4,1,0.5962,tarse nimby kidel baggy
baker,5,1,5.0086,tarse gyved flock rowme baker
baler,5,1,4.9212,tarse gyved flock mixup baler
balmy,3,1,0.0006,tarse nimby balmy
banal,4,1,0.4541,tarse nimby jalop banal
banjo,4,1,0.4647,tarse nimby jalop banjo
barge,3,1,0.0003,tarse bling barge
baron,4,1,0.1995,tarse blimy zorro baron
basal,4,1,0.2025,tarse misls above basal
basic,4,1,0.1947,tarse misls wench basic
basil,3,1,0.0004,tarse misls basil
basin,4,1,0.2055,tarse misls wench basin
basis,4,1,0.0006,tarse misls oasis basis
baste,4,1,0.1715,tarse cowps swabs baste
batch,3,1,0.0003,tarse bunch batch
bathe,3,1,0.0006,tarse mitch bathe
baton,3,1,0.0005,tarse bunch baton
batty,4,1,0.1573,tarse bunch lotta batty
bawdy,4,1,0.6898,tarse nimby kidel bawdy
bayou,3,1,0.0004,tarse nimby bayou
beach,4,1,1.4835,tarse leman delph beach
beady,4,1,1.4277,tarse leman delph beady
beard,3,1,0.0006,tarse debel beard
beast,3,1,0.0005,tarse flyby beast
beech,4,1,4.6763,tarse dinlo pluck beech
beefy,5,1,5.7903,tarse dinlo pluck jewel beefy
befit,4,1,1.7681,tarse helot binge befit
began,4,1,0.5675,tarse leman grovy began
begat,4,1,1.2612,tarse melch unpay begat
beget,4,1,1.6290,tarse helot binge beget
begin,4,1,1.6827,tarse dinlo befit begin
begun,4,1,1.4169,tarse dinlo meech begun
being,4,1,1.4459,tarse dinlo befit being
belch,4,1,5.4669,tarse dinlo zebec belch
belie,5,1,2.7873,tarse mould given kylie belie
belle,4,1,1.1351,tarse mould vichy belle
belly,4,1,2.0573,tarse dinlo jelab belly
below,4,1,2.5748,tarse dinlo bylaw below
bench,4,1,1.4119,tarse dinlo bhaji bench
beret,3,1,0.0006,tarse habit beret
berry,3,1,0.0003,tarse bourd berry
berth,3,1,0.0003,tarse habit berth
beset,3,1,0.0004,tarse pened beset
betel,4,1,0.2237,tarse helot bufty betel
bevel,4,1,5.6539,tarse dinlo zebec bevel
bezel,4,1,5.8247,tarse dinlo zebec bezel
bible,4,1,1.2232,tarse mould vichy bible
bicep,4,1,1.0074,tarse dinlo campy bicep
biddy,4,1,0.0007,tarse blond buddy biddy
bigot,3,1,0.0003,tarse butoh bigot
bilge,5,1,2.8011,tarse mould given liege bilge
billy,4,1,0.2096,tarse blond gusli billy
binge,5,1,8.9344,tarse mould wince bekah binge
bingo,4,1,0.1989,tarse blond cunit bingo
biome,4,1,0.1910,tarse mould inbox biome
birch,4,1,0.2030,tarse courd shalm birch
birth,4,1,0.1964,tarse poufy jumby birth
bison,4,1,5.4312,tarse plonk bipod bison
bitty,3,1,0.0007,tarse butoh bitty
black,4,1,0.2525,tarse colin bafta black
blade,4,1,0.1760,tarse clang zombi blade
blame,4,1,0.2004,tarse clang zombi blame
bland,4,1,1.0168,tarse colin banda bland
blank,4,1,1.0593,tarse colin banda blank
blare,3,1,0.0004,tarse brack blare
blast,3,1,0.0003,tarse ascot blast
blaze,4,1,0.1852,tarse clang zombi blaze
bleak,4,1,0.9897,tarse leman chedi bleak
bleat,4,1,0.2009,tarse melch pleat bleat
bleed,4,1,2.1503,tarse dinlo gebur bleed
bleep,4,1,5.6685,tarse dinlo zebec bleep
blend,3,1,0.0008,tarse dinlo blend
bless,3,1,0.0002,tarse pligs bless
blimp,4,1,0.0005,tarse blond bluff blimp
blind,3,1,0.0004,tarse blond blind
blink,3,1,0.0005,tarse blond blink
bliss,4,1,0.0004,tarse fisho swiss bliss
blitz,3,1,0.0003,tarse butoh blitz
bloat,4,1,0.3765,tarse point gulfy bloat
block,4,1,0.2192,tarse blond mooks block
bloke,4,1,1.7732,tarse mould cling bloke
blond,2,1,0.0006,tarse blond
blood,3,1,0.0004,tarse blond blood
bloom,4,1,0.1721,tarse blond mooks bloom
blown,3,1,0.0006,tarse blond blown
bluer,5,1,9.1645,tarse poind freer burgh bluer
bluff,3,1,0.0006,tarse blond bluff
blunt,3,1,0.0004,tarse butoh blunt
blurb,4,1,4.6842,tarse codon fling blurb
blurt,3,1,0.0004,tarse orbit blurt
blush,4,1,0.7507,tarse fisho plumb blush
board,4,1,2.1391,tarse colin beard board
boast,3,1,0.0005,tarse ascot boast
bobby,4,1,1.1674,tarse blond pungo bobby
boney,5,1,0.7920,tarse dinlo vehme coney boney
bongo,4,1,0.1946,tarse blond cunit bongo
bonus,4,1,5.2773,tarse plonk bipod bonus
booby,4,1,0.8099,tarse blond knobs booby
boost,3,1,0.0004,tarse hilum boost
booth,3,1,0.0008,tarse butoh booth
booty,3,1,0.0006,tarse butoh booty
booze,4,1,4.3871,tarse mould zincy booze
boozy,4,1,0.8034,tarse blond knobs boozy
borax,3,1,0.0007,tarse aboma borax
borne,3,1,0.0003,tarse ungod borne
bosom,4,1,15.0279,tarse plonk chimb bosom
bossy,4,1,0.1879,tarse fisho abler bossy
botch,3,1,0.0004,tarse butoh botch
bough,4,1,1.2585,tarse blond pungo bough
boule,4,1,0.0005,tarse mould joule boule
bound,3,1,0.0004,tarse blond bound
bowel,4,1,2.4809,tarse dinlo bylaw bowel
boxer,5,1,5.3022,tarse poind revow choky boxer
brace,3,1,0.0008,tarse brack brace
braid,3,1,0.0006,tarse colin braid
brain,4,1,0.2108,tarse colin dobie brain
brake,3,1,0.0005,tarse brack brake
brand,4,1,2.3675,tarse colin debug brand
brash,3,1,0.0003,tarse broch brash
brass,3,1,0.0004,tarse broch brass
brave,3,1,0.0003,tarse brack brave
bravo,4,1,1.3271,tarse colin amari bravo
brawl,4,1,1.8176,tarse colin madal brawl
brawn,4,1,0.8730,tarse colin dweeb brawn
bread,3,1,0.0004,tarse debel bread
break,3,1,0.0003,tarse debel break
breed,4,1,1.4709,tarse poind celeb breed
briar,5,1,1.8753,tarse colin miraa friar briar
bribe,4,1,0.1939,tarse orbic zoned bribe
brick,4,1,0.2093,tarse codon bumpy brick
bride,4,1,0.2114,tarse orbic zoned bride
brief,4,1,1.0397,tarse poind bluer brief
brine,4,1,0.1904,tarse orbic zoned brine
bring,4,1,1.2412,tarse codon wingy bring
brink,4,1,1.0879,tarse codon wingy brink
briny,4,1,1.3407,tarse codon wingy briny
brisk,3,1,0.0004,tarse bocks brisk
broad,4,1,1.2941,tarse colin amari broad
broil,4,1,2.8600,tarse codon filmy broil
broke,4,1,0.2087,tarse orbic speks broke
brood,4,1,0.5115,tarse codon luged brood
brook,4,1,1.1419,tarse codon blimy brook
broom,4,1,1.1654,tarse codon blimy broom
broth,3,1,0.0006,tarse orbit broth
brown,4,1,0.5077,tarse codon biogs brown
brunt,3,1,0.0004,tarse orbit brunt
brush,3,1,0.0004,tarse bocks brush
brute,3,1,0.0005,tarse miaou brute
buddy,3,1,0.0005,tarse blond buddy
budge,5,1,1.5094,tarse mould funic abamp budge
buggy,4,1,1.9707,tarse blond fuggy buggy
bugle,4,1,0.1900,tarse mould bufty bugle
build,3,1,0.0005,tarse blond build
built,3,1,0.0003,tarse butoh built
bulge,3,1,0.0003,tarse mould bulge
bulky,4,1,0.2004,tarse blond gusli bulky
bully,4,1,0.1976,tarse blond gusli bully
bunch,3,1,0.0005,tarse blond bunch
bunny,3,1,0.0004,tarse blond bunny
burly,4,1,1.8562,tarse courd blink burly
burnt,3,1,0.0004,tarse poufy burnt
burst,3,1,0.0004,tarse hoied burst
bused,4,1,3.8508,tarse dinlo beefy bused
bushy,4,1,13.8018,tarse plonk chimb bushy
butch,3,1,0.0004,tarse butoh butch
butte,4,1,0.2678,tarse ontic hulky butte
buxom,4,1,1.2572,tarse blond pungo buxom
buyer,5,1,9.0584,tarse poind freer burgh buyer
bylaw,4,1,1.4300,tarse colin bleak bylaw
cabal,4,1,0.9128,tarse nimby kohls cabal
cabby,5,1,0.1671,tarse nimby gabby belch cabby
cabin,3,1,0.0006,tarse nimby cabin
cable,3,1,0.0004,tarse climb cable
cacao,5,1,10.4189,tarse nimby pilch novas cacao
cache,4,1,0.2020,tarse climb unfed cache
cacti,4,1,0.3034,tarse bunch patia cacti
caddy,4,1,5.3872,tarse nimby pudic caddy
cadet,3,1,0.0005,tarse dight cadet
cagey,4,1,2.7607,tarse pownd ghyll cagey
cairn,4,1,0.1793,tarse rhino abacs cairn
camel,5,1,3.0104,tarse pownd ghyll bimah camel
cameo,3,1,0.0005,tarse pownd cameo
canal,4,1,4.6745,tarse nimby opgaf canal
candy,4,1,2.3596,tarse nimby chynd candy
canny,4,1,2.3308,tarse nimby chynd canny
canoe,4,1,0.1548,tarse climb unfed canoe
canon,4,1,4.8600,tarse nimby opgaf canon
caper,5,1,4.5140,tarse gyved flock prior caper
caput,3,1,0.0005,tarse bunch caput
carat,3,1,0.0004,tarse kwaai carat
cargo,4,1,1.9133,tarse blimy condo cargo
carol,4,1,0.3055,tarse blimy pavon carol
carry,4,1,1.5171,tarse blimy chord carry
carve,4,1,0.9779,tarse bling copay carve
caste,3,1,0.0004,tarse cowps caste
catch,5,1,1.0555,tarse bunch humpy clung catch
cater,3,1,0.0004,tarse recep cater
catty,4,1,0.3015,tarse bunch patia catty
caulk,4,1,10.2906,tarse nimby pilch caulk
cause,3,1,0.0005,tarse bumph cause
cavil,4,1,4.7843,tarse nimby livid cavil
cease,3,1,0.0003,tarse melch cease
cedar,4,1,0.4760,tarse debel itchy cedar
cello,4,1,0.1754,tarse dinlo hijab cello
chafe,4,1,0.4159,tarse clang frock chafe
chaff,4,1,0.6916,tarse colin appay chaff
chain,3,1,0.0005,tarse colin chain
chair,4,1,0.2148,tarse colin grisy chair
chalk,4,1,0.1953,tarse colin howks chalk
champ,4,1,0.7210,tarse colin appay champ
chant,4,1,0.1898,tarse point clout chant
chaos,4,1,9.5396,tarse plaas showd chaos
chard,4,1,0.8369,tarse colin hakam chard
charm,4,1,0.8382,tarse colin hakam charm
chart,3,1,0.0005,tarse franc chart
chase,3,1,0.0003,tarse melch chase
chasm,3,1,0.0002,tarse lymph chasm
cheap,4,1,0.2131,tarse leman apish cheap
cheat,3,1,0.0005,tarse melch cheat
check,4,1,4.8683,tarse dinlo pluck check
cheek,4,1,4.9571,tarse dinlo pluck cheek
cheer,5,1,9.1286,tarse poind freer smack cheer
chess,3,1,0.0004,tarse pligs chess
chest,3,1,0.0006,tarse laigh chest
chick,5,1,11.2086,tarse blond wimpy lurch chick
chide,4,1,1.4861,tarse mould heder chide
chief,4,1,1.0040,tarse dinlo heame chief
child,4,1,0.2128,tarse blond cippi child
chili,4,1,6.8338,tarse blond fully chili
chill,4,1,7.0059,tarse blond fully chill
chime,4,1,0.5700,tarse mould chive chime
china,3,1,0.0006,tarse colin china
chirp,4,1,0.7866,tarse codon sumph chirp
chock,4,1,3.7506,tarse blond pooch chock
choir,4,1,0.4208,tarse codon drouk choir
choke,4,1,1.5197,tarse mould phene choke
chord,4,1,0.1937,tarse codon fouth chord
chore,4,1,0.0010,tarse orbic roche chore
chose,4,1,0.2178,tarse pound whilk chose
chuck,4,1,10.3792,tarse blond wimpy chuck
chump,4,1,10.3439,tarse blond wimpy chump
chunk,4,1,2.6478,tarse blond figgy chunk
churn,3,1,0.0004,tarse codon churn
chute,3,1,0.0005,tarse ontic chute
cider,4,1,1.5215,tarse poind ditch cider
cigar,3,1,0.0006,tarse colin cigar
cinch,5,1,6.4552,tarse blond punky whoof cinch
circa,4,1,0.7504,tarse aboma cajun circa
civic,4,1,10.4695,tarse blond wimpy civic
civil,4,1,7.0673,tarse blond fully civil
clack,4,1,0.1931,tarse colin howks clack
claim,3,1,0.0009,tarse colin claim
clamp,4,1,0.2217,tarse colin howks clamp
clang,4,1,0.0012,tarse colin clank clang
clank,3,1,0.0013,tarse colin clank
clash,4,1,0.2124,tarse lymph scurf clash
clasp,3,1,0.0002,tarse lymph clasp
class,4,1,0.1978,tarse lymph craig class
clean,3,1,0.0004,tarse leman clean
clear,3,1,0.0004,tarse debel clear
cleat,3,1,0.0003,tarse melch cleat
cleft,4,1,0.9709,tarse helot undee cleft
clerk,5,1,9.1339,tarse poind freer glady clerk
click,5,1,1.1857,tarse blond spicy coofs click
cliff,4,1,1.0012,tarse blond spicy cliff
climb,4,1,0.1949,tarse blond zimbs climb
cling,4,1,0.2120,tarse blond spick cling
clink,4,1,0.1930,tarse blond spick clink
cloak,3,1,0.0004,tarse colin cloak
clock,4,1,1.1591,tarse blond footy clock
clone,4,1,1.5833,tarse mould cling clone
close,4,1,0.1838,tarse pound whilk close
cloth,4,1,0.2026,tarse butoh nowls cloth
cloud,3,1,0.0006,tarse blond cloud
clout,4,1,1.1522,tarse butoh fanum clout
clove,4,1,1.7151,tarse mould cling clove
clown,3,1,0.0004,tarse blond clown
cluck,4,1,1.0440,tarse blond spicy cluck
clued,4,1,2.1357,tarse dinlo gebur clued
clump,4,1,1.0535,tarse blond spicy clump
clung,4,1,0.1824,tarse blond spick clung
coach,4,1,0.6042,tarse colin meaty coach
coast,3,1,0.0002,tarse ascot coast
cobra,3,1,0.0007,tarse colin cobra
cocoa,4,1,0.6624,tarse colin meaty cocoa
colon,4,1,0.8852,tarse blond ciggy colon
color,3,1,0.0005,tarse codon color
comet,4,1,0.8062,tarse helot mocap comet
comfy,5,1,8.8357,tarse blond cuppy plumy comfy
comic,5,1,9.3002,tarse blond cuppy chick comic
comma,4,1,0.5264,tarse colin meaty comma
conch,5,1,7.5274,tarse blond conga biccy conch
condo,4,1,1.7583,tarse blond conky condo
conic,5,1,7.6063,tarse blond conga biccy conic
copse,3,1,0.0007,tarse pound copse
coral,4,1,1.5694,tarse aboma lingo coral
corer,4,1,0.1990,tarse bourd flype corer
corny,4,1,0.2006,tarse courd pinky corny
couch,5,1,9.0740,tarse blond cuppy yoghs couch
cough,5,1,9.1100,tarse blond cuppy yoghs cough
could,4,1,0.2140,tarse blond medic could
count,4,1,1.2019,tarse butoh fanum count
coupe,3,1,0.0004,tarse mould coupe
court,3,1,0.0004,tarse orbit court
coven,4,1,2.5689,tarse dinlo chowk coven
cover,5,1,4.4466,tarse poind revow calms cover
covet,4,1,0.8851,tarse helot mocap covet
covey,4,1,3.7706,tarse dinlo choof covey
cower,5,1,4.9936,tarse poind revow clomb cower
coyly,5,1,6.0886,tarse blond chimp polly coyly
crack,4,1,0.9317,tarse colin hakam crack
craft,3,1,0.0003,tarse franc craft
cramp,4,1,0.8182,tarse colin hakam cramp
crane,4,1,0.7758,tarse brack zupan crane
crank,3,1,0.0009,tarse colin crank
crash,3,1,0.0003,tarse broch crash
crass,3,1,0.0003,tarse broch crass
crate,3,1,0.0003,tarse ureic crate
crave,4,1,0.7820,tarse brack zupan crave
crawl,3,1,0.0009,tarse colin crawl
craze,4,1,0.8065,tarse brack zupan craze
crazy,4,1,0.8749,tarse colin hakam crazy
creak,4,1,2.5191,tarse debel acock creak
cream,4,1,2.4256,tarse debel acock cream
credo,4,1,0.1894,tarse poind ruler credo
creed,4,1,1.5481,tarse poind celeb creed
creek,5,1,8.9880,tarse poind freer yucky creek
creep,4,1,0.4262,tarse poind reeky creep
creme,4,1,0.6348,tarse orbic padam creme
crepe,4,1,0.6326,tarse orbic padam crepe
crept,4,1,1.3518,tarse oubit capex crept
cress,3,1,0.0005,tarse pichi cress
crest,2,1,0.0003,tarse crest
crick,4,1,0.8659,tarse codon sumph crick
cried,4,1,0.2093,tarse poind dwarf cried
crier,4,1,1.0151,tarse poind bluer crier
crime,4,1,0.1841,tarse orbic pygmy crime
crimp,4,1,0.8012,tarse codon sumph crimp
crisp,4,1,0.0004,tarse bocks crush crisp
croak,3,1,0.0003,tarse colin croak
crock,4,1,0.4647,tarse codon drouk crock
crone,4,1,0.0005,tarse orbic crore crone
crony,3,1,0.0003,tarse codon crony
crook,3,1,0.0009,tarse codon crook
cross,3,1,0.0007,tarse bocks cross
croup,4,1,0.4315,tarse codon drouk croup
crowd,4,1,0.1972,tarse codon fouth crowd
crown,3,1,0.0004,tarse codon crown
crude,4,1,0.6160,tarse orbic padam crude
cruel,4,1,8.9606,tarse poind freer cruel
crumb,4,1,0.8978,tarse codon sumph crumb
crump,4,1,0.7238,tarse codon sumph crump
crush,3,1,0.0003,tarse bocks crush
crust,3,1,0.0002,tarse cowps crust
crypt,4,1,0.1902,tarse orbit pocky crypt
cubic,4,1,0.5496,tarse blond chimp cubic
cumin,4,1,5.9198,tarse blond punky cumin
curio,3,1,0.0004,tarse courd curio
curly,3,1,0.0003,tarse courd curly
curry,3,1,0.0004,tarse courd curry
curse,3,1,0.0003,tarse cough curse
curve,4,1,0.7676,tarse ungod climb curve
curvy,4,1,0.0003,tarse courd curly curvy
cutie,3,1,0.0005,tarse ontic cutie
cyber,5,1,9.0612,tarse poind freer burgh cyber
cycle,4,1,1.1502,tarse mould vichy cycle
cynic,4,1,5.7134,tarse blond punky cynic
daddy,4,1,5.4038,tarse nimby pudic daddy
daily,3,1,0.0005,tarse nimby daily
dairy,4,1,0.2066,tarse rhino fjeld dairy
daisy,4,1,0.5719,tarse louma sibbs daisy
dally,5,1,5.6813,tarse nimby pudic nifle dally
dance,4,1,0.2021,tarse climb nymph dance
dandy,5,1,3.1575,tarse nimby chynd kiddo dandy
datum,4,1,0.9686,tarse bunch mogul datum
daunt,4,1,0.7828,tarse bunch gyved daunt
dealt,4,1,0.1932,tarse melch leaps dealt
death,4,1,0.2121,tarse melch bendy death
debar,3,1,0.0005,tarse debel debar
debit,4,1,1.6555,tarse helot binge debit
debug,4,1,0.6210,tarse dinlo peeky debug
debut,4,1,1.6582,tarse helot binge debut
decal,4,1,0.6794,tarse leman ceded decal
decay,4,1,1.4656,tarse leman hyoid decay
decor,4,1,0.2024,tarse poind ruler decor
decoy,4,1,1.2163,tarse dinlo pyxes decoy
decry,4,1,1.5197,tarse poind muddy decry
defer,4,1,1.4986,tarse poind muddy defer
deign,3,1,0.0008,tarse dinlo deign
deity,4,1,1.7288,tarse helot prief deity
delay,4,1,0.8129,tarse leman ceded delay
delta,3,1,0.0004,tarse melch delta
delve,4,1,0.2014,tarse mould lingy delve
demon,4,1,0.1662,tarse dinlo zymes demon
demur,4,1,1.5546,tarse poind muddy demur
denim,3,1,0.0005,tarse dinlo denim
dense,3,1,0.0002,tarse pound dense
depot,3,1,0.0002,tarse helot depot
depth,4,1,0.3862,tarse helot fecks depth
derby,3,1,0.0006,tarse bourd derby
deter,4,1,0.4893,tarse oubit mened deter
detox,3,1,0.0006,tarse helot detox
deuce,3,1,0.0007,tarse mould deuce
devil,3,1,0.0005,tarse dinlo devil
diary,4,1,1.7352,tarse colin miraa diary
dicey,4,1,0.1779,tarse dinlo cakey dicey
digit,4,1,2.8522,tarse butoh mincy digit
dilly,4,1,0.1966,tarse blond villi dilly
dimly,4,1,0.2105,tarse blond villi dimly
diner,3,1,0.0006,tarse poind diner
dingo,4,1,1.7733,tarse blond conky dingo
dingy,4,1,1.3325,tarse blond glike dingy
diode,4,1,0.1734,tarse mould epics diode
dirge,3,1,0.0003,tarse ungod dirge
dirty,3,1,0.0003,tarse poufy dirty
disco,4,1,14.8358,tarse plonk chimb disco
ditch,5,1,1.0640,tarse butoh hempy wedgy ditch
ditto,4,1,1.3257,tarse butoh primy ditto
ditty,5,1,1.0906,tarse butoh zinky witty ditty
diver,4,1,1.6439,tarse poind ditch diver
dizzy,5,1,2.9734,tarse blond duped zymic dizzy
dodge,4,1,1.2171,tarse mould pagne dodge
dodgy,4,1,1.9621,tarse blond muggy dodgy
dogma,4,1,4.2880,tarse colin dumka dogma
doing,4,1,0.1926,tarse blond annoy doing
dolly,4,1,0.8244,tarse blond modii dolly
donor,3,1,0.0004,tarse codon donor
donut,4,1,1.0062,tarse butoh fanum donut
dopey,4,1,1.2496,tarse dinlo pyxes dopey
doubt,3,1,0.0003,tarse butoh doubt
dough,4,1,2.1217,tarse blond muggy dough
dowdy,5,1,1.8904,tarse blond muggy howdy dowdy
dowel,3,1,0.0005,tarse dinlo dowel
downy,4,1,0.1559,tarse blond annoy downy
dowry,4,1,0.1952,tarse codon aburn dowry
dozen,4,1,0.1452,tarse dinlo zymes dozen
draft,4,1,0.1669,tarse franc wadge draft
drain,4,1,0.1860,tarse colin dobie drain
drake,3,1,0.0004,tarse brack drake
drama,4,1,4.2674,tarse colin drapy drama
drank,4,1,2.2854,tarse colin debug drank
drape,5,1,1.3460,tarse brack moved grade drape
drawl,4,1,1.9044,tarse colin madal drawl
drawn,4,1,0.8557,tarse colin dweeb drawn
dread,4,1,0.1647,tarse debel erred dread
dream,4,1,0.2048,tarse debel erred dream
dress,3,1,0.0005,tarse pichi dress
dried,4,1,0.2101,tarse poind dwarf dried
drier,3,1,0.0009,tarse poind drier
drift,4,1,0.1686,tarse orbit fanga drift
drill,4,1,0.2210,tarse codon devil drill
drink,4,1,0.1802,tarse codon knish drink
drive,4,1,0.7807,tarse orbic dogma drive
droit,3,1,0.0004,tarse orbit droit
droll,4,1,0.3853,tarse codon kulfi droll
drone,4,1,2.1663,tarse orbic pavid drone
drool,4,1,0.4136,tarse codon luged drool
droop,4,1,0.4859,tarse codon luged droop
dross,4,1,0.0003,tarse bocks gross dross
drove,4,1,2.2055,tarse orbic pavid drove
drown,3,1,0.0003,tarse codon drown
druid,4,1,0.1759,tarse codon devil druid
drunk,4,1,0.2037,tarse codon knish drunk
dryer,4,1,1.6100,tarse poind muddy dryer
dryly,4,1,0.1796,tarse codon devil dryly
duchy,5,1,2.9828,tarse blond duped racks duchy
dully,4,1,0.1769,tarse blond villi dully
dummy,5,1,3.0066,tarse blond duped racks dummy
dumpy,4,1,2.8587,tarse blond duped dumpy
dunce,4,1,1.2766,tarse mould funic dunce
dusky,4,1,4.7212,tarse plonk chide dusky
dusty,4,1,1.6211,tarse louns dogma dusty
dutch,4,1,0.6757,tarse butoh haled dutch
duvet,4,1,2.0894,tarse helot divna duvet
dwarf,4,1,4.5725,tarse colin drapy dwarf
dwell,3,1,0.0003,tarse dinlo dwell
dwelt,4,1,1.0739,tarse helot undee dwelt
dying,3,1,0.0006,tarse blond dying
eager,4,1,0.7897,tarse gyved repel eager
eagle,4,1,1.6660,tarse climb vendu eagle
early,3,1,0.0004,tarse doper early
earth,2,1,0.0002,tarse earth
easel,4,1,0.2022,tarse sowms bleed easel
eaten,4,1,0.1982,tarse dight plong eaten
eater,3,1,0.0004,tarse recep eater
ebony,4,1,2.6216,tarse dinlo chowk ebony
eclat,3,1,0.0004,tarse melch eclat
edict,4,1,2.1149,tarse helot divna edict
edify,4,1,0.0007,tarse dinlo medic edify
eerie,4,1,1.8487,tarse ungod melic eerie
egret,3,1,0.0007,tarse habit egret
eight,3,1,0.0005,tarse helot eight
eject,4,1,2.1836,tarse helot divna eject
eking,5,1,1.5452,tarse dinlo befit eying eking
elate,4,1,0.0003,tarse auloi plate elate
elbow,4,1,2.4035,tarse dinlo bylaw elbow
elder,4,1,1.6181,tarse poind muddy elder
elect,4,1,0.9420,tarse helot undee elect
elegy,4,1,5.7188,tarse dinlo zebec elegy
elfin,4,1,0.2109,tarse dinlo eeven elfin
elide,4,1,0.2138,tarse mould lingy elide
elite,4,1,0.6025,tarse ontic eughs elite
elope,5,1,1.7541,tarse mould cling bloke elope
elude,3,1,0.0006,tarse mould elude
email,3,1,0.0004,tarse leman email
embed,5,1,5.5904,tarse dinlo kedgy humfs embed
ember,5,1,10.1322,tarse poind freer elegy ember
emcee,4,1,0.6223,tarse mould chive emcee
empty,4,1,0.7180,tarse helot mivey empty
enact,4,1,0.0006,tarse melch exact enact
endow,4,1,0.0009,tarse dinlo odeon endow
enema,4,1,0.0008,tarse leman amend enema
enemy,4,1,1.6278,tarse dinlo meech enemy
enjoy,5,1,2.6653,tarse dinlo chowk vexed enjoy
ennui,4,1,0.8578,tarse dinlo ennog ennui
ensue,4,1,0.2135,tarse blind echos ensue
enter,4,1,0.4559,tarse oubit mened enter
entry,4,1,0.3647,tarse oubit mened entry
envoy,5,1,2.5979,tarse dinlo chowk vexed envoy
epoch,4,1,3.7083,tarse dinlo choof epoch
epoxy,4,1,3.7349,tarse dinlo choof epoxy
equal,4,1,0.8663,tarse leman chedi equal
equip,4,1,0.9341,tarse dinlo heame equip
erase,3,1,0.0006,tarse appui erase
erect,4,1,1.2812,tarse oubit capex erect
erode,5,1,2.3750,tarse orbic pavid drone erode
error,4,1,0.8251,tarse bourd felon error
erupt,3,1,0.0005,tarse oubit erupt
essay,4,1,0.6059,tarse deans fakey essay
ester,3,1,0.0003,tarse peent ester
ether,4,1,0.4189,tarse oubit mened ether
ethic,3,1,0.0007,tarse helot ethic
ethos,4,1,2.7532,tarse pened smolt ethos
etude,4,1,1.1850,tarse ontic fulth etude
evade,4,1,1.3780,tarse clang avize evade
event,4,1,2.1000,tarse helot divna event
every,5,1,9.6964,tarse poind freer embog every
evict,4,1,2.0599,tarse helot divna evict
evoke,4,1,1.5667,tarse mould phene evoke
exact,3,1,0.0006,tarse melch exact
exalt,4,1,0.2020,tarse melch pleat exalt
excel,4,1,5.8328,tarse dinlo zebec excel
exert,4,1,1.3277,tarse oubit capex exert
exile,4,1,1.1364,tarse mould vichy exile
exist,3,1,0.0004,tarse laigh exist
expel,5,1,5.7928,tarse dinlo zebec swerf expel
extol,3,1,0.0005,tarse helot extol
extra,4,1,0.1971,tarse petal brief extra
exult,4,1,1.0481,tarse helot undee exult
eying,4,1,1.4365,tarse dinlo befit eying
fable,4,1,0.1894,tarse climb bhang fable
facet,4,1,0.2672,tarse dight pelfs facet
faint,4,1,0.6331,tarse bunch pylon faint
fairy,4,1,0.2010,tarse rhino fjeld fairy
faith,3,1,0.0006,tarse bunch faith
false,3,1,0.0005,tarse bumph false
fancy,4,1,2.4201,tarse nimby chynd fancy
fanny,4,1,2.4075,tarse nimby chynd fanny
farce,4,1,0.9630,tarse bling copay farce
fatal,4,1,3.3486,tarse bunch zamia fatal
fatty,5,1,3.4701,tarse bunch zamia sulfo fatty
fault,4,1,0.8503,tarse bunch mogul fault
fauna,4,1,4.8636,tarse nimby opgaf fauna
favor,4,1,0.2067,tarse rhino filmy favor
feast,3,1,0.0005,tarse flyby feast
fecal,4,1,0.8484,tarse leman ceded fecal
feign,4,1,1.5962,tarse dinlo befit feign
fella,4,1,0.8871,tarse leman ached fella
felon,4,1,0.8823,tarse dinlo mizen felon
femme,4,1,0.6128,tarse mould chive femme
femur,4,1,8.8389,tarse poind freer femur
fence,5,1,8.5152,tarse mould wince hapax fence
feral,3,1,0.0003,tarse lindy feral
ferry,5,1,1.0668,tarse bourd pujah makaf ferry
fetal,4,1,0.2288,tarse melch leaps fetal
fetch,4,1,0.4662,tarse helot fecks fetch
fetid,4,1,1.6255,tarse helot prief fetid
fetus,4,1,5.0043,tarse pened fisks fetus
fever,5,1,8.9748,tarse poind freer bylaw fever
fewer,5,1,8.8015,tarse poind freer bylaw fewer
fiber,4,1,4.2211,tarse poind bevel fiber
fibre,3,1,0.0006,tarse orbic fibre
ficus,4,1,14.1767,tarse plonk chimb ficus
field,4,1,0.2229,tarse dinlo boyfs field
fiend,4,1,0.2463,tarse dinlo fixed fiend
fiery,4,1,4.4810,tarse poind bevel fiery
fifth,4,1,0.2070,tarse butoh indol fifth
fifty,4,1,2.7948,tarse butoh mincy fifty
fight,4,1,1.9897,tarse butoh flung fight
filer,5,1,5.0634,tarse poind bevel femur filer
filet,4,1,0.1908,tarse helot fugis filet
filly,4,1,6.8042,tarse blond fully filly
filmy,4,1,7.0714,tarse blond fully filmy
filth,4,1,0.1933,tarse butoh indol filth
final,4,1,0.7614,tarse colin dinna final
finch,5,1,6.1539,tarse blond punky whoof finch
finer,5,1,2.7266,tarse poind linin bumfs finer
first,3,1,0.0006,tarse hoied first
fishy,5,1,14.3255,tarse plonk chimb desse fishy
fixer,5,1,4.9424,tarse poind bevel refix fixer
fizzy,5,1,11.1076,tarse blond wimpy hafiz fizzy
fjord,4,1,0.4484,tarse codon kulfi fjord
flack,4,1,0.2463,tarse colin bafta flack
flail,4,1,0.4677,tarse colin abjud flail
flair,4,1,0.6022,tarse colin begar flair
flake,4,1,0.2063,tarse clang zombi flake
flaky,4,1,6.2325,tarse colin bumpy flaky
flame,4,1,0.1800,tarse clang zombi flame
flank,5,1,1.3046,tarse colin banda kreep flank
flare,4,1,1.5621,tarse brack lough flare
flash,4,1,0.1902,tarse lymph scurf flash
flask,4,1,0.1639,tarse lymph craig flask
fleck,4,1,5.5689,tarse dinlo zebec fleck
fleet,4,1,1.0951,tarse helot undee fleet
flesh,3,1,0.0005,tarse pligs flesh
flick,5,1,1.2445,tarse blond spicy coofs flick
flier,4,1,1.0288,tarse poind bluer flier
fling,4,1,0.1840,tarse blond spick fling
flint,4,1,2.5434,tarse butoh mincy flint
flirt,4,1,0.1992,tarse orbit iliac flirt
float,4,1,0.3967,tarse point gulfy float
flock,4,1,1.1271,tarse blond footy flock
flood,4,1,0.0005,tarse blond cloud flood
floor,4,1,1.1497,tarse codon blimy floor
flora,3,1,0.0005,tarse colin flora
floss,3,1,0.0003,tarse fisho floss
flour,4,1,2.8641,tarse codon filmy flour
flout,4,1,1.0839,tarse butoh fanum flout
flown,4,1,0.0006,tarse blond clown flown
fluff,4,1,1.0033,tarse blond spicy fluff
fluid,3,1,0.0007,tarse blond fluid
fluke,3,1,0.0009,tarse mould fluke
flume,4,1,0.2222,tarse mould opgaf flume
flung,4,1,0.2106,tarse blond spick flung
flunk,4,1,0.2086,tarse blond spick flunk
flush,3,1,0.0004,tarse fisho flush
flute,4,1,1.1570,tarse ontic fulth flute
flyer,4,1,8.5949,tarse poind freer flyer
foamy,4,1,4.4533,tarse colin dumka foamy
focal,4,1,0.1630,tarse colin ollav focal
focus,4,1,15.3535,tarse plonk chimb focus
foggy,5,1,8.3875,tarse blond cuppy mommy foggy
foist,4,1,0.0020,tarse hilum joist foist
folio,4,1,5.5198,tarse blond chimp folio
folly,6,1,7.2371,tarse blond chimp legal wifey folly
foray,4,1,1.3447,tarse aboma lingo foray
force,3,1,0.0003,tarse ungod force
forge,3,1,0.0006,tarse ungod forge
forgo,4,1,1.5623,tarse courd poboy forgo
forte,3,1,0.0005,tarse opals forte
forth,3,1,0.0004,tarse poufy forth
forty,3,1,0.0004,tarse poufy forty
forum,3,1,0.0003,tarse courd forum
found,4,1,0.3674,tarse blond whams found
foyer,5,1,5.2160,tarse poind revow choky foyer
frail,4,1,0.6870,tarse colin begar frail
frame,4,1,1.3671,tarse brack moved frame
frank,5,1,2.6290,tarse colin debug koffs frank
fraud,4,1,4.4847,tarse colin drapy fraud
freak,4,1,2.3697,tarse debel acock freak
freed,4,1,1.4710,tarse poind celeb freed
freer,3,1,8.4565,tarse poind freer
fresh,3,1,0.0006,tarse pichi fresh
friar,4,1,1.9485,tarse colin miraa friar
fried,4,1,0.2120,tarse poind dwarf fried
frill,4,1,4.5861,tarse codon fling frill
frisk,3,1,0.0004,tarse bocks frisk
fritz,3,1,0.0004,tarse orbit fritz
frock,4,1,0.3993,tarse codon burke frock
frond,3,1,0.0005,tarse codon frond
front,4,1,0.3200,tarse orbit fadge front
frost,3,1,0.0004,tarse cowps frost
froth,4,1,0.2011,tarse orbit watap froth
frown,4,1,0.6096,tarse codon biogs frown
froze,4,1,2.0896,tarse orbic pavid froze
fruit,3,1,0.0004,tarse orbit fruit
fudge,4,1,1.1528,tarse mould funic fudge
fugue,4,1,1.8529,tarse mould nieve fugue
fully,3,1,7.1240,tarse blond fully
fungi,5,1,5.9327,tarse blond punky humic fungi
funky,5,1,6.7443,tarse blond punky flush funky
funny,4,1,2.4294,tarse blond figgy funny
furor,4,1,0.0004,tarse courd juror furor
furry,4,1,0.8167,tarse courd might furry
fussy,3,1,0.0004,tarse fisho fussy
fuzzy,5,1,10.9696,tarse blond wimpy hafiz fuzzy
gaffe,4,1,1.9064,tarse climb plung gaffe
gaily,4,1,0.0004,tarse nimby daily gaily
gamer,3,1,0.0002,tarse gyved gamer
gamma,4,1,0.6315,tarse nimby gizmo gamma
gamut,4,1,0.9741,tarse bunch mogul gamut
gassy,4,1,0.5787,tarse louma sibbs gassy
gaudy,4,1,5.6370,tarse nimby pudic gaudy
gauge,4,1,2.0801,tarse climb plung gauge
gaunt,4,1,0.8195,tarse bunch gyved gaunt
gauze,5,1,1.9267,tarse climb plung gauge gauze
gavel,4,1,2.6249,tarse pownd ghyll gavel
gawky,5,1,6.0123,tarse nimby pudic gulfs gawky
gayer,3,1,0.0003,tarse gyved gayer
gayly,5,1,6.1496,tarse nimby pudic gulfs gayly
gazer,4,1,0.0004,tarse gyved gamer gazer
gecko,4,1,0.2298,tarse dinlo gammy gecko
geeky,4,1,4.8652,tarse dinlo pluck geeky
geese,4,1,0.8147,tarse pound wilja geese
genie,4,1,8.5247,tarse mould wince genie
genre,4,1,1.6257,tarse orbic never genre
ghost,3,1,0.0004,tarse hilum ghost
ghoul,4,1,1.4015,tarse blond pocky ghoul
giant,3,1,0.0003,tarse point giant
giddy,4,1,2.8685,tarse blond duped giddy
gipsy,3,1,0.0008,tarse fisho gipsy
girly,4,1,0.3520,tarse courd buyin girly
girth,4,1,0.1887,tarse poufy jumby girth
given,4,1,0.7129,tarse dinlo vixen given
giver,5,1,5.3777,tarse poind bevel rejig giver
glade,4,1,0.1454,tarse clang grind glade
gland,4,1,1.0632,tarse colin banda gland
glare,4,1,1.5926,tarse brack lough glare
glass,4,1,0.2283,tarse lymph craig glass
glaze,4,1,0.1896,tarse clang grind glaze
gleam,3,1,0.0004,tarse leman gleam
glean,4,1,0.0004,tarse leman clean glean
glide,4,1,0.1934,tarse mould lingy glide
glint,5,1,2.5032,tarse butoh mincy flint glint
gloat,4,1,0.3053,tarse point gulfy gloat
globe,4,1,1.5648,tarse mould cling globe
gloom,4,1,0.9816,tarse blond footy gloom
glory,4,1,2.9617,tarse codon filmy glory
gloss,4,1,1.4471,tarse fisho palms gloss
glove,5,1,1.7130,tarse mould cling globe glove
glyph,4,1,1.1592,tarse blond spicy glyph
gnash,4,1,0.4888,tarse lymph awful gnash
gnome,4,1,0.1511,tarse mould inbox gnome
godly,4,1,0.7821,tarse blond modii godly
going,4,1,1.3095,tarse blond guimp going
golem,4,1,2.5390,tarse dinlo bylaw golem
golly,5,1,7.3400,tarse blond chimp legal golly
gonad,5,1,2.5910,tarse colin nyung imped gonad
goner,4,1,1.2014,tarse poind bluer goner
goody,4,1,1.3226,tarse blond dwalm goody
gooey,4,1,3.5790,tarse dinlo choof gooey
goofy,5,1,4.6185,tarse blond pooch fowth goofy
goose,4,1,1.3523,tarse pound klong goose
gorge,4,1,0.0006,tarse ungod forge gorge
gouge,4,1,0.0006,tarse mould coupe gouge
gourd,4,1,0.2053,tarse codon aburn gourd
grace,3,1,0.0004,tarse brack grace
grade,4,1,1.0717,tarse brack moved grade
graft,4,1,0.1799,tarse franc wadge graft
grail,4,1,0.6269,tarse colin begar grail
grain,4,1,0.1485,tarse colin dobie grain
grand,4,1,2.3499,tarse colin debug grand
grant,3,1,0.0003,tarse franc grant
grape,4,1,1.1234,tarse brack moved grape
graph,4,1,4.4371,tarse colin drapy graph
grasp,4,1,0.1963,tarse broch knags grasp
grass,4,1,0.1664,tarse broch knags grass
grate,3,1,0.0006,tarse ureic grate
grave,4,1,1.3432,tarse brack moved grave
gravy,4,1,4.4777,tarse colin drapy gravy
graze,5,1,1.4204,tarse brack moved grape graze
great,3,1,0.0004,tarse petal great
greed,5,1,1.5798,tarse poind celeb freed greed
green,4,1,0.9730,tarse poind bewet green
greet,4,1,1.2908,tarse oubit capex greet
grief,4,1,1.0489,tarse poind bluer grief
grill,4,1,4.5637,tarse codon fling grill
grime,4,1,0.8054,tarse orbic dogma grime
grimy,4,1,4.6812,tarse codon fling grimy
grind,4,1,0.1868,tarse codon knish grind
gripe,4,1,0.9011,tarse orbic dogma gripe
groan,4,1,0.1965,tarse colin aboil groan
groin,4,1,0.5713,tarse codon biogs groin
groom,4,1,1.0883,tarse codon blimy groom
grope,4,1,2.2034,tarse orbic pavid grope
gross,3,1,0.0003,tarse bocks gross
group,4,1,3.0776,tarse codon filmy group
grout,4,1,0.3001,tarse orbit fadge grout
grove,4,1,2.3121,tarse orbic pavid grove
growl,5,1,3.2305,tarse codon filmy wunga growl
grown,4,1,0.6079,tarse codon biogs grown
gruel,5,1,9.0347,tarse poind freer cruel gruel
gruff,4,1,4.6641,tarse codon fling gruff
grunt,4,1,0.1857,tarse orbit pocky grunt
guard,5,1,4.6457,tarse colin drapy awarn guard
guava,4,1,5.4758,tarse colin mamba guava
guess,3,1,0.0004,tarse pligs guess
guest,3,1,0.0005,tarse laigh guest
guide,4,1,1.3256,tarse mould funic guide
guild,4,1,0.1938,tarse blond cippi guild
guile,4,1,0.1775,tarse mould bufty guile
guilt,4,1,0.8385,tarse butoh lying guilt
guise,3,1,0.0006,tarse pound guise
gulch,5,1,7.0091,tarse blond fully mulch gulch
gully,4,1,7.0772,tarse blond fully gully
gumbo,5,1,2.1662,tarse blond micky jumbo gumbo
gummy,5,1,11.0264,tarse blond wimpy yugas gummy
guppy,5,1,8.9136,tarse blond wimpy puppy guppy
gusto,5,1,0.2679,tarse louns cheep stout gusto
gusty,4,1,1.6673,tarse louns dogma gusty
gypsy,3,1,0.0006,tarse fisho gypsy
habit,3,1,0.0004,tarse bunch habit
hairy,3,1,0.0004,tarse rhino hairy
halve,4,1,1.7056,tarse climb vendu halve
handy,4,1,2.4283,tarse nimby chynd handy
happy,4,1,5.6126,tarse nimby pudic happy
hardy,4,1,1.4958,tarse blimy chord hardy
harem,3,1,0.0006,tarse doper harem
harpy,4,1,1.6298,tarse blimy chord harpy
harry,4,1,1.6457,tarse blimy chord harry
harsh,2,1,0.0003,tarse harsh
haste,4,1,0.1752,tarse cowps swabs haste
hasty,4,1,0.2291,tarse bliny pashm hasty
hatch,4,1,0.9361,tarse bunch humpy hatch
hater,4,1,0.9711,tarse recep dwalm hater
haunt,3,1,0.0004,tarse bunch haunt
haute,3,1,0.0003,tarse mitch haute
haven,4,1,1.1682,tarse pownd miltz haven
havoc,4,1,10.4725,tarse nimby pilch havoc
hazel,5,1,3.1069,tarse pownd ghyll zymic hazel
heady,4,1,1.5596,tarse leman delph heady
heard,4,1,0.5481,tarse debel itchy heard
heart,4,1,0.2139,tarse petal docht heart
heath,4,1,0.1874,tarse melch bendy heath
heave,5,1,1.5063,tarse clang avize weave heave
heavy,4,1,1.4217,tarse leman delph heavy
hedge,4,1,1.2717,tarse mould heder hedge
hefty,3,1,0.0005,tarse helot hefty
heist,3,1,0.0003,tarse laigh heist
helix,4,1,1.8425,tarse dinlo hemes helix
hello,4,1,0.2148,tarse dinlo hijab hello
hence,5,1,7.1917,tarse mould wince hapax hence
heron,4,1,0.3880,tarse bourd felon heron
hilly,5,1,4.3452,tarse blond fully whang hilly
hinge,5,1,5.0016,tarse mould wince bekah hinge
hippo,4,1,7.1869,tarse blond cuppy hippo
hippy,4,1,6.5234,tarse blond wimpy hippy
hitch,4,1,0.4994,tarse butoh hempy hitch
hoard,4,1,1.1804,tarse colin beard hoard
hobby,4,1,2.3124,tarse blond micky hobby
hoist,3,1,0.0003,tarse hilum hoist
holly,5,1,4.4829,tarse blond chimp fluyt holly
homer,5,1,3.3660,tarse poind revow choky homer
honey,4,1,0.7939,tarse dinlo vehme honey
honor,3,1,0.0007,tarse codon honor
horde,3,1,0.0003,tarse ungod horde
horny,4,1,1.3535,tarse courd poboy horny
horse,3,1,0.0002,tarse cough horse
hotel,3,1,0.0002,tarse helot hotel
hotly,3,1,0.0001,tarse butoh hotly
hound,4,1,0.2790,tarse blond whams hound
house,4,1,0.4231,tarse pound holme house
hovel,5,1,1.6056,tarse dinlo bylaw rheum hovel
hover,5,1,2.6864,tarse poind revow calms hover
howdy,4,1,1.1176,tarse blond muggy howdy
human,4,1,0.5724,tarse colin dunam human
humid,4,1,0.1218,tarse blond vichy humid
humor,4,1,0.3506,tarse codon rubor humor
humph,4,1,6.6672,tarse blond wimpy humph
humus,5,1,8.5030,tarse plonk chimb mushy humus
hunch,5,1,3.3479,tarse blond punky humic hunch
hunky,5,1,3.7713,tarse blond punky flush hunky
hurry,4,1,0.5099,tarse courd might hurry
husky,4,1,3.0430,tarse plonk chide husky
hussy,3,1,0.0001,tarse fisho hussy
hutch,4,1,0.3389,tarse butoh haled hutch
hydro,3,1,0.0002,tarse codon hydro
hyena,4,1,0.7760,tarse leman arbah hyena
hymen,4,1,0.8371,tarse dinlo meech hymen
hyper,4,1,0.2060,tarse poind reeky hyper
icily,5,1,4.0191,tarse blond fully imply icily
icing,5,1,1.5777,tarse blond figgy ached icing
ideal,4,1,0.4562,tarse leman chedi ideal
idiom,4,1,1.1016,tarse blond muggy idiom
idiot,4,1,0.4075,tarse butoh pavon idiot
idler,4,1,0.9174,tarse poind ditch idler
idyll,4,1,0.1098,tarse blond villi idyll
igloo,5,1,3.4301,tarse blond chimp folio igloo
iliac,3,1,0.0003,tarse colin iliac
image,4,1,0.2376,tarse clang hiped image
imbue,3,1,0.0002,tarse mould imbue
impel,4,1,1.0039,tarse dinlo hemes impel
imply,4,1,4.0579,tarse blond fully imply
inane,4,1,0.0002,tarse clang diane inane
inbox,3,1,0.0001,tarse blond inbox
incur,3,1,0.0001,tarse codon incur
index,3,1,0.0001,tarse dinlo index
inept,4,1,1.1302,tarse helot divna inept
inert,3,1,0.0003,tarse oubit inert
infer,4,1,1.2959,tarse poind linin infer
ingot,4,1,0.4750,tarse butoh pavon ingot
inlay,3,1,0.0003,tarse colin inlay
inlet,4,1,0.0969,tarse helot fugis inlet
inner,4,1,1.3132,tarse poind linin inner
input,4,1,0.4663,tarse butoh fecit input
inter,4,1,0.3530,tarse oubit melch inter
intro,4,1,0.1068,tarse orbit piton intro
ionic,4,1,4.2533,tarse blond conga ionic
irate,3,1,0.0001,tarse ureic irate
irony,4,1,0.1024,tarse codon grope irony
islet,4,1,1.7921,tarse pened milky islet
issue,4,1,0.1490,tarse blind emove issue
itchy,4,1,1.0593,tarse butoh flung itchy
ivory,4,1,1.6070,tarse codon filmy ivory
jaunt,4,1,0.4269,tarse bunch gyved jaunt
jazzy,5,1,3.6956,tarse nimby pudic gulfs jazzy
jelly,4,1,1.1950,tarse dinlo jelab jelly
jerky,4,1,1.5889,tarse bourd piccy jerky
jetty,5,1,0.9121,tarse helot prief betty jetty
jewel,5,1,3.4074,tarse dinlo zebec level jewel
jiffy,5,1,6.8290,tarse blond wimpy hafiz jiffy
joint,5,1,1.5858,tarse butoh filmy pinny joint
joist,3,1,0.0005,tarse hilum joist
joker,5,1,3.3444,tarse poind revow choky joker
jolly,6,1,4.4748,tarse blond chimp legal wifey jolly
joust,4,1,0.0993,tarse hilum vinho joust
judge,5,1,0.7635,tarse mould funic abamp judge
juice,4,1,1.0672,tarse mould nieve juice
juicy,4,1,6.5238,tarse blond wimpy juicy
jumbo,4,1,1.2662,tarse blond micky jumbo
jumpy,4,1,6.3943,tarse blond wimpy jumpy
junta,4,1,0.1171,tarse point muggy junta
junto,4,1,0.0002,tarse butoh punto junto
juror,3,1,0.0002,tarse courd juror
kappa,4,1,6.4231,tarse nimby pilch kappa
karma,3,1,0.0003,tarse blimy karma
kayak,4,1,0.5873,tarse nimby ghyll kayak
kebab,4,1,0.8736,tarse leman hyoid kebab
khaki,4,1,2.7049,tarse colin ogham khaki
kinky,4,1,3.6010,tarse blond punky kinky
kiosk,3,1,0.0002,tarse fisho kiosk
kitty,4,1,0.6028,tarse butoh zinky kitty
knack,3,1,0.0003,tarse colin knack
knave,3,1,0.0001,tarse clang knave
knead,3,1,0.0001,tarse leman knead
kneed,4,1,0.3446,tarse dinlo euked kneed
kneel,4,1,0.1648,tarse dinlo bevel kneel
knelt,4,1,0.5666,tarse helot undee knelt
knife,4,1,5.0052,tarse mould wince knife
knock,4,1,0.1201,tarse blond wicks knock
knoll,3,1,0.0003,tarse blond knoll
known,4,1,0.1273,tarse blond wicks known
koala,4,1,1.0727,tarse colin yealm koala
krill,5,1,2.8361,tarse codon fling phobe krill
label,4,1,1.5364,tarse pownd ghyll label
labor,4,1,0.1014,tarse rhino filmy labor
laden,3,1,0.0002,tarse pownd laden
ladle,4,1,0.9006,tarse climb vendu ladle
lager,4,1,0.4018,tarse gyved repel lager
lance,3,1,0.0001,tarse climb lance
lanky,4,1,1.2894,tarse nimby chynd lanky
lapel,3,1,0.0002,tarse pownd lapel
lapse,3,1,0.0001,tarse bumph lapse
large,3,1,0.0001,tarse bling large
larva,4,1,0.1634,tarse blimy pavon larva
lasso,3,1,0.0002,tarse louma lasso
latch,5,1,0.4807,tarse bunch humpy clung latch
later,4,1,0.4181,tarse recep dwalm later
lathe,4,1,0.0002,tarse mitch bathe lathe
latte,3,1,0.0003,tarse mitch latte
laugh,4,1,6.0792,tarse nimby pilch laugh
layer,4,1,0.1310,tarse gyved plebe layer
leach,4,1,0.3049,tarse leman fyked leach
leafy,4,1,0.3160,tarse leman fyked leafy
leaky,4,1,0.2619,tarse leman fyked leaky
leant,4,1,0.1023,tarse melch leaps leant
leapt,4,1,0.1114,tarse melch leaps leapt
learn,4,1,0.2421,tarse debel renay learn
lease,3,1,0.0001,tarse melch lease
leash,3,1,0.0001,tarse nymph leash
least,3,1,0.0001,tarse flyby least
leave,4,1,0.1582,tarse clang weave leave
ledge,4,1,0.1210,tarse mould lingy ledge
leech,4,1,3.3772,tarse dinlo zebec leech
leery,5,1,5.6558,tarse poind freer embog leery
lefty,4,1,0.1277,tarse helot bufty lefty
legal,3,1,0.0003,tarse leman legal
leggy,4,1,3.2460,tarse dinlo zebec leggy
lemon,4,1,0.4558,tarse dinlo mizen lemon
lemur,4,1,5.1290,tarse poind freer lemur
leper,4,1,0.2145,tarse poind reeky leper
level,4,1,3.2671,tarse dinlo zebec level
lever,5,1,5.9646,tarse poind freer elegy lever
libel,4,1,0.4588,tarse dinlo lemel libel
liege,4,1,1.5789,tarse mould given liege
light,4,1,1.0598,tarse butoh flung light
liken,4,1,0.1173,tarse dinlo kaval liken
lilac,3,1,0.0003,tarse colin lilac
limbo,4,1,0.1016,tarse blond zocco limbo
limit,4,1,1.5677,tarse butoh mincy limit
linen,3,1,0.0002,tarse dinlo linen
liner,4,1,1.3534,tarse poind linin liner
lingo,4,1,0.4616,tarse blond ciggy lingo
lipid,4,1,0.1340,tarse blond cippi lipid
lithe,4,1,0.3816,tarse ontic filth lithe
liver,4,1,2.6283,tarse poind bevel liver
livid,4,1,0.1249,tarse blond cippi livid
llama,4,1,3.5971,tarse colin bumpy llama
loamy,4,1,1.1466,tarse colin yealm loamy
loath,4,1,0.4715,tarse point gotch loath
lobby,4,1,0.1153,tarse blond zocco lobby
local,4,1,0.1302,tarse colin ollav local
locus,4,1,4.6762,tarse plonk build locus
lodge,3,1,0.0002,tarse mould lodge
lofty,4,1,1.5612,tarse butoh filmy lofty
logic,5,1,3.4766,tarse blond chimp aalii logic
login,4,1,0.5076,tarse blond ciggy login
loopy,4,1,0.7896,tarse blond pocky loopy
loose,4,1,0.6405,tarse pound klong loose
lorry,4,1,0.0962,tarse courd zloty lorry
loser,4,1,0.4032,tarse seirs kohls loser
louse,4,1,0.3168,tarse pound holme louse
lousy,4,1,0.7762,tarse fisho palms lousy
lover,5,1,2.6718,tarse poind revow calms lover
lower,5,1,2.6925,tarse poind revow clomb lower
lowly,5,1,4.3685,tarse blond chimp legal lowly
loyal,4,1,1.1385,tarse colin yealm loyal
lucid,4,1,0.0997,tarse blond cippi lucid
lucky,4,1,3.9852,tarse blond fully lucky
lumen,4,1,0.1436,tarse dinlo bevel lumen
lumpy,5,1,4.0112,tarse blond fully lucky lumpy
lunar,3,1,0.0002,tarse colin lunar
lunch,4,1,0.5101,tarse blond pinky lunch
lunge,4,1,0.0003,tarse mould bulge lunge
lupus,4,1,0.1164,tarse plonk humpy lupus
lurch,3,1,0.0001,tarse courd lurch
lurid,3,1,0.0001,tarse courd lurid
lusty,3,1,0.0002,tarse louns lusty
lying,3,1,0.0001,tarse blond lying
lymph,4,1,4.0614,tarse blond fully lymph
lynch,4,1,0.5139,tarse blond pinky lynch
lyric,4,1,0.1304,tarse courd shalm lyric
macaw,4,1,1.5423,tarse nimby lacka macaw
macho,4,1,1.5970,tarse nimby lacka macho
macro,3,1,0.0001,tarse rhino macro
madam,4,1,1.6598,tarse nimby lacka madam
madly,4,1,0.6542,tarse nimby puled madly
mafia,4,1,0.5305,tarse nimby macka mafia
magic,4,1,0.4948,tarse nimby macka magic
magma,4,1,1.6586,tarse nimby lacka magma
maize,3,1,0.0002,tarse climb maize
major,4,1,0.0970,tarse rhino filmy major
maker,5,1,2.8656,tarse gyved flock rowme maker
mambo,4,1,0.2322,tarse nimby mocha mambo
mamma,4,1,0.2821,tarse nimby gizmo mamma
mammy,4,1,0.6831,tarse nimby magma mammy
manga,4,1,0.2866,tarse nimby mungo manga
mange,4,1,0.1439,tarse climb dukun mange
mango,4,1,0.2901,tarse nimby mungo mango
mangy,4,1,0.1273,tarse nimby klang mangy
mania,4,1,0.2318,tarse nimby chava mania
manic,4,1,0.2177,tarse nimby chava manic
manly,4,1,0.1093,tarse nimby klang manly
manor,3,1,0.0001,tarse rhino manor
maple,3,1,0.0001,tarse climb maple
march,4,1,0.5398,tarse blimy havan march
marry,3,1,0.0003,tarse blimy marry
marsh,3,1,0.0001,tarse harsh marsh
mason,3,1,0.0002,tarse misls mason
masse,3,1,0.0003,tarse bumph masse
match,4,1,0.4137,tarse bunch humpy match
matey,4,1,0.1052,tarse dight plong matey
mauve,4,1,0.1423,tarse climb dukun mauve
maxim,4,1,0.5856,tarse nimby macka maxim
maybe,3,1,0.0001,tarse climb maybe
mayor,4,1,0.0969,tarse rhino filmy mayor
mealy,4,1,0.0002,tarse leman melba mealy
meant,4,1,0.1000,tarse melch quena meant
meaty,4,1,0.1145,tarse melch quena meaty
mecca,4,1,0.6734,tarse leman dreck mecca
medal,3,1,0.0002,tarse leman medal
media,4,1,0.6080,tarse leman dreck media
medic,3,1,0.0003,tarse dinlo medic
melee,3,1,0.0002,tarse mould melee
melon,4,1,0.5393,tarse dinlo mizen melon
mercy,4,1,1.5806,tarse bourd piccy mercy
merge,4,1,0.2252,tarse ungod climb merge
merit,3,1,0.0001,tarse habit merit
merry,5,1,0.4960,tarse bourd pujah makaf merry
metal,3,1,0.0001,tarse melch metal
meter,4,1,0.2259,tarse oubit mened meter
metro,4,1,0.3633,tarse oubit mourn metro
micro,4,1,0.1693,tarse codon burke micro
midge,3,1,0.0003,tarse mould midge
midst,3,1,0.0002,tarse hilum midst
might,5,1,1.4627,tarse butoh flung howks might
milky,4,1,4.0372,tarse blond fully milky
mimic,4,1,6.0322,tarse blond wimpy mimic
mince,4,1,0.3035,tarse mould kight mince
miner,5,1,1.3264,tarse poind linin bumfs miner
minim,5,1,3.6066,tarse blond punky whoof minim
minor,3,1,0.0003,tarse codon minor
minty,4,1,1.5077,tarse butoh mincy minty
minus,5,1,4.1181,tarse plonk finds swung minus
mirth,4,1,0.1009,tarse poufy jumby mirth
miser,4,1,0.1031,tarse seirs reman miser
missy,4,1,0.1165,tarse fisho scamp missy
mocha,4,1,0.1022,tarse colin becap mocha
modal,4,1,1.1280,tarse colin yealm modal
model,4,1,1.3111,tarse dinlo laval model
modem,5,1,5.1186,tarse dinlo chowk mobed modem
mogul,5,1,3.3887,tarse blond chimp molly mogul
moist,3,1,0.0001,tarse hilum moist
molar,4,1,0.1831,tarse colin sperm molar
moldy,4,1,0.4253,tarse blond modii moldy
money,4,1,0.3889,tarse dinlo vehme money
month,4,1,0.1357,tarse butoh nowls month
moody,4,1,0.9310,tarse blond dwalm moody
moose,4,1,0.7268,tarse pound klong moose
moral,4,1,0.4604,tarse aboma flyin moral
moron,4,1,0.8307,tarse courd poboy moron
morph,4,1,0.9772,tarse courd poboy morph
mossy,4,1,0.1025,tarse fisho abler mossy
motel,3,1,0.0003,tarse helot motel
motif,4,1,0.6913,tarse butoh primy motif
motor,4,1,0.3973,tarse orbit moory motor
motto,4,1,0.7161,tarse butoh primy motto
moult,4,1,0.5550,tarse butoh fanum moult
mound,4,1,0.1948,tarse blond whams mound
mount,4,1,0.5344,tarse butoh fanum mount
mourn,4,1,0.0924,tarse codon rumbo mourn
mouse,4,1,0.3448,tarse pound holme mouse
mouth,4,1,0.0999,tarse butoh campy mouth
mover,5,1,2.4789,tarse poind revow calms mover
movie,3,1,0.0002,tarse mould movie
mower,5,1,2.7541,tarse poind revow clomb mower
mucky,5,1,6.3659,tarse blond wimpy chang mucky
mucus,4,1,8.2212,tarse plonk chimb mucus
muddy,4,1,1.5778,tarse blond duped muddy
mulch,4,1,4.1998,tarse blond fully mulch
mummy,5,1,6.4364,tarse blond wimpy yugas mummy
munch,5,1,3.5418,tarse blond punky humic munch
mural,3,1,0.0001,tarse aboma mural
murky,4,1,1.0261,tarse courd blink murky
mushy,4,1,8.4142,tarse plonk chimb mushy
music,4,1,8.2484,tarse plonk chimb music
musky,4,1,2.8656,tarse plonk chide musky
musty,4,1,0.9307,tarse louns dogma musty
myrrh,3,1,0.0002,tarse courd myrrh
nadir,3,1,0.0002,tarse rhino nadir
naive,4,1,0.1015,tarse climb nowed naive
nanny,4,1,0.3871,tarse nimby convo nanny
nasal,4,1,0.0975,tarse misls above nasal
nasty,3,1,0.0003,tarse bliny nasty
natal,4,1,0.3156,tarse bunch pylon natal
naval,4,1,0.5187,tarse nimby downa naval
navel,4,1,0.5935,tarse pownd miltz navel
needy,4,1,0.3473,tarse dinlo euked needy
neigh,4,1,0.8222,tarse dinlo befit neigh
nerdy,3,1,0.0002,tarse bourd nerdy
nerve,3,1,0.0001,tarse ungod nerve
never,4,1,0.5484,tarse poind bewet never
newer,4,1,0.4992,tarse poind bewet newer
newly,4,1,0.0965,tarse dinlo bawks newly
nicer,4,1,1.3368,tarse poind linin nicer
niche,4,1,4.8435,tarse mould wince niche
niece,4,1,4.9723,tarse mould wince niece
night,4,1,1.0926,tarse butoh flung night
ninja,5,1,2.4207,tarse colin aguna spred ninja
ninny,6,1,1.4948,tarse blond figgy vinny pharm ninny
ninth,4,1,0.1105,tarse butoh indol ninth
noble,4,1,0.5985,tarse mould bitch noble
nobly,3,1,0.0005,tarse blond nobly
noise,3,1,0.0002,tarse pound noise
noisy,3,1,0.0001,tarse fisho noisy
nomad,4,1,1.3471,tarse colin nyung nomad
noose,4,1,0.0002,tarse pound noise noose
north,4,1,0.1144,tarse poufy bawrs north
nosey,4,1,1.3754,tarse dinlo penny nosey
notch,3,1,0.0002,tarse butoh notch
novel,4,1,0.4958,tarse dinlo mizen novel
nudge,4,1,0.7361,tarse mould funic nudge
nurse,4,1,0.1104,tarse cough labne nurse
nutty,4,1,0.6010,tarse butoh pongy nutty
nylon,4,1,0.4789,tarse blond ciggy nylon
nymph,4,1,3.4506,tarse blond punky nymph
oaken,3,1,0.0001,tarse pownd oaken
obese,4,1,0.0956,tarse pound whilk obese
occur,4,1,0.1980,tarse codon burke occur
ocean,3,1,0.0002,tarse leman ocean
octal,3,1,0.3398,tarse point octal
octet,4,1,0.4621,tarse helot mocap octet
odder,4,1,0.1198,tarse poind ruler odder
oddly,4,1,0.3460,tarse blond modii oddly
offal,4,1,0.1437,tarse colin flush offal
offer,4,1,1.1636,tarse poind felch offer
often,4,1,0.6789,tarse helot vodun often
olden,3,1,0.0002,tarse dinlo olden
older,4,1,0.1053,tarse poind ruler older
olive,4,1,0.9462,tarse mould cling olive
ombre,3,1,0.0003,tarse orbic ombre
omega,4,1,0.1041,tarse leman algid omega
onion,5,1,4.5340,tarse blond conga ouija onion
onset,4,1,0.1154,tarse pened zoris onset
opera,4,1,1.4057,tarse debel acock opera
opine,4,1,0.8558,tarse mould phene opine
opium,4,1,5.1251,tarse blond cuppy opium
optic,4,1,0.6398,tarse butoh primy optic
orbit,2,1,0.0002,tarse orbit
order,4,1,0.1066,tarse poind ruler order
organ,4,1,0.1106,tarse colin aboil organ
other,3,1,0.0002,tarse oubit other
otter,4,1,0.0002,tarse oubit other otter
ought,3,1,0.0002,tarse butoh ought
ounce,3,1,0.0002,tarse mould ounce
outdo,3,1,0.0001,tarse butoh outdo
outer,3,1,0.0001,tarse oubit outer
outgo,4,1,0.0002,tarse butoh outdo outgo
ovary,4,1,0.6812,tarse colin amari ovary
ovate,3,1,0.0001,tarse auloi ovate
overt,3,1,0.0001,tarse oubit overt
ovine,5,1,0.7350,tarse mould phene ozone ovine
ovoid,3,1,0.0003,tarse blond ovoid
owing,4,1,0.7330,tarse blond guimp owing
owner,4,1,0.5198,tarse poind gemot owner
oxide,4,1,0.1210,tarse mould epics oxide
ozone,4,1,0.7669,tarse mould phene ozone
paddy,4,1,3.0804,tarse nimby pudic paddy
pagan,4,1,2.6749,tarse nimby opgaf pagan
paint,4,1,0.3548,tarse bunch pylon paint
paler,5,1,2.9517,tarse gyved flock mixup paler
palsy,3,1,0.0001,tarse louma palsy
panel,3,1,0.0001,tarse pownd panel
panic,4,1,0.5280,tarse nimby dolci panic
pansy,4,1,0.3431,tarse louma sibbs pansy
papal,5,1,6.1867,tarse nimby pilch zakat papal
paper,5,1,2.8922,tarse gyved flock powin paper
parer,3,1,0.0002,tarse doper parer
parka,5,1,1.1204,tarse blimy condo dhikr parka
parry,4,1,0.8256,tarse blimy chord parry
parse,2,1,0.0001,tarse parse
party,3,1,0.0002,tarse kwaai party
pasta,4,1,2.3193,tarse bliny posts pasta
paste,3,1,0.0001,tarse cowps paste
pasty,4,1,0.1028,tarse bliny pashm pasty
patch,4,1,0.4300,tarse bunch humpy patch
patio,4,1,1.8518,tarse bunch zamia patio
patsy,3,1,0.0001,tarse whomp patsy
patty,5,1,1.8552,tarse bunch zamia sulfo patty
pause,3,1,0.0002,tarse bumph pause
payee,4,1,1.1225,tarse climb plung payee
payer,4,1,0.1150,tarse gyved plebe payer
peace,3,1,0.0001,tarse clang peace
peach,4,1,0.7059,tarse leman delph peach
pearl,4,1,0.1154,tarse debel crank pearl
pecan,4,1,0.3187,tarse leman grovy pecan
pedal,4,1,0.4289,tarse leman ceded pedal
penal,3,1,0.0002,tarse leman penal
pence,5,1,5.1653,tarse mould wince hapax pence
penne,4,1,5.0408,tarse mould wince penne
penny,4,1,0.8176,tarse dinlo bhaji penny
perch,4,1,1.5312,tarse bourd piccy perch
peril,4,1,1.5674,tarse bourd piccy peril
perky,4,1,1.6676,tarse bourd piccy perky
pesky,4,1,11.8521,tarse dinlo peeky pesky
pesto,3,1,0.0003,tarse pened pesto
petal,4,1,0.0926,tarse melch leaps petal
petty,4,1,0.8818,tarse helot prief petty
phase,3,1,0.0001,tarse melch phase
phone,4,1,0.7712,tarse mould phene phone
phony,3,1,0.0002,tarse blond phony
photo,3,1,0.0001,tarse butoh photo
piano,3,1,0.0001,tarse colin piano
picky,4,1,6.1335,tarse blond wimpy picky
piece,4,1,5.2115,tarse mould wince piece
piety,4,1,0.3989,tarse helot mivey piety
piggy,5,1,6.3105,tarse blond wimpy picky piggy
pilot,4,1,0.4728,tarse butoh pavon pilot
pinch,4,1,3.5985,tarse blond punky pinch
piney,3,1,0.0007,tarse dinlo piney
pinky,4,1,3.4400,tarse blond punky pinky
pinto,4,1,1.5787,tarse butoh filmy pinto
piper,3,1,0.0002,tarse poind piper
pique,4,1,1.0394,tarse mould nieve pique
pitch,4,1,0.3868,tarse butoh hempy pitch
pithy,3,1,0.0002,tarse butoh pithy
pivot,4,1,0.4877,tarse butoh pavon pivot
pixel,4,1,0.4912,tarse dinlo lemel pixel
pixie,4,1,5.3329,tarse mould wince pixie
pizza,4,1,2.6919,tarse colin ogham pizza
place,3,1,0.0002,tarse clang place
plaid,4,1,0.2781,tarse colin abjud plaid
plain,3,1,0.0002,tarse colin plain
plait,3,1,0.0003,tarse point plait
plane,3,1,0.0002,tarse clang plane
plank,5,1,0.7485,tarse colin banda kreep plank
plant,3,1,0.0001,tarse point plant
plate,3,1,0.0002,tarse auloi plate
plaza,5,1,3.9314,tarse colin bumpy apgar plaza
plead,4,1,0.4773,tarse leman chedi plead
pleat,3,1,0.1217,tarse melch pleat
plied,4,1,0.1048,tarse dinlo calif plied
plier,3,1,0.0001,tarse poind plier
pluck,4,1,0.5658,tarse blond spicy pluck
plumb,4,1,0.1116,tarse blond zimbs plumb
plume,4,1,0.1094,tarse mould opgaf plume
plump,4,1,0.5569,tarse blond spicy plump
plunk,4,1,0.1202,tarse blond spick plunk
plush,4,1,0.3792,tarse fisho plumb plush
poesy,3,1,0.0003,tarse pligs poesy
point,5,1,1.6250,tarse butoh filmy pinny point
poise,4,1,0.0003,tarse pound posse poise
poker,4,1,0.0002,tarse poind power poker
polar,4,1,0.2056,tarse colin sperm polar
polka,3,1,0.0003,tarse colin polka
polyp,4,1,3.3641,tarse blond chimp polyp
pooch,3,1,2.1803,tarse blond pooch
poppy,4,1,5.0994,tarse blond cuppy poppy
porch,3,1,0.0001,tarse courd porch
poser,4,1,0.4167,tarse seirs kohls poser
posit,4,1,0.1233,tarse louns sooth posit
posse,3,1,0.0002,tarse pound posse
pouch,4,1,5.1044,tarse blond cuppy pouch
pound,5,1,0.2228,tarse blond whams found pound
pouty,5,1,0.5537,tarse butoh fanum pluto pouty
power,3,1,0.0003,tarse poind power
prank,5,1,1.3468,tarse colin debug koffs prank
prawn,4,1,0.4880,tarse colin dweeb prawn
preen,3,1,0.0003,tarse poind preen
press,3,1,0.0001,tarse pichi press
price,4,1,0.1059,tarse orbic pygmy price
prick,4,1,0.1175,tarse codon bumpy prick
pride,4,1,0.4426,tarse orbic dogma pride
pried,3,1,0.0005,tarse poind pried
prime,4,1,0.3924,tarse orbic dogma prime
primo,4,1,1.7150,tarse codon filmy primo
print,4,1,0.1053,tarse orbit fanga print
prior,4,1,0.3522,tarse codon rubor prior
prism,3,1,0.0002,tarse bocks prism
privy,5,1,2.9677,tarse codon fling mythi privy
prize,5,1,0.4573,tarse orbic dogma plump prize
probe,4,1,0.1141,tarse orbic speks probe
prone,4,1,1.1370,tarse orbic pavid prone
prong,4,1,0.1380,tarse codon grope prong
proof,4,1,0.5916,tarse codon blimy proof
prose,3,1,0.0002,tarse pungo prose
proud,4,1,0.2302,tarse codon kulfi proud
prove,4,1,1.1943,tarse orbic pavid prove
prowl,5,1,1.7752,tarse codon filmy wunga prowl
proxy,4,1,1.7521,tarse codon filmy proxy
prude,4,1,0.7126,tarse orbic fungs prude
prune,4,1,0.7450,tarse orbic fungs prune
psalm,3,1,0.0002,tarse plaas psalm
pubic,4,1,0.3437,tarse blond chimp pubic
pudgy,4,1,1.5785,tarse blond duped pudgy
puffy,4,1,6.2037,tarse blond wimpy puffy
pulpy,4,1,4.1539,tarse blond fully pulpy
pulse,3,1,0.0002,tarse pound pulse
punch,4,1,3.4206,tarse blond punky punch
pupal,4,1,3.5229,tarse colin bumpy pupal
pupil,4,1,4.2622,tarse blond fully pupil
puppy,4,1,6.3015,tarse blond wimpy puppy
puree,4,1,0.4650,tarse ungod climb puree
purer,4,1,0.2072,tarse bourd pelch purer
purge,3,1,0.0002,tarse ungod purge
purse,4,1,0.1138,tarse cough labne purse
pushy,4,1,0.4003,tarse plonk tippy pushy
putty,4,1,0.5524,tarse butoh pongy putty
pygmy,4,1,6.3238,tarse blond wimpy pygmy
quack,4,1,0.1209,tarse colin busky quack
quail,4,1,0.1895,tarse colin abjud quail
quake,4,1,0.7737,tarse clang avize quake
qualm,4,1,3.7033,tarse colin bumpy qualm
quark,5,1,2.6003,tarse colin drapy wharf quark
quart,4,1,0.1060,tarse franc loipe quart
quash,4,1,0.2356,tarse lymph awful quash
quasi,4,1,0.1146,tarse lymph rubio quasi
queen,4,1,0.8277,tarse dinlo meech queen
queer,5,1,5.6700,tarse poind freer smack queer
quell,4,1,1.1093,tarse dinlo jelab quell
query,5,1,5.2668,tarse poind freer glady query
quest,3,1,0.0003,tarse laigh quest
queue,4,1,0.8847,tarse mould nieve queue
quick,5,1,6.5550,tarse blond wimpy lurch quick
quiet,4,1,1.1024,tarse helot divna quiet
quill,4,1,4.2670,tarse blond fully quill
quilt,4,1,0.4832,tarse butoh lying quilt
quirk,5,1,2.9266,tarse codon fling mythi quirk
quite,4,1,0.3329,tarse ontic eughs quite
quota,4,1,0.3657,tarse point octal quota
quote,3,1,0.0001,tarse ontic quote
quoth,3,1,0.0001,tarse butoh quoth
rabbi,4,1,0.8351,tarse rhino tabid rabbi
rabid,4,1,0.8150,tarse rhino tabid rabid
racer,5,1,2.6868,tarse gyved flock prior racer
radar,4,1,0.4771,tarse rhino mawla radar
radii,4,1,0.7845,tarse rhino tabid radii
radio,3,1,0.0004,tarse rhino radio
rainy,3,1,0.0001,tarse rhino rainy
raise,2,1,0.0001,tarse raise
rajah,4,1,0.0001,tarse rhino ralph rajah
rally,4,1,0.4055,tarse rhino mawla rally
ralph,3,1,0.0002,tarse rhino ralph
ramen,5,1,2.8302,tarse gyved flock powin ramen
ranch,3,1,0.0001,tarse rhino ranch
randy,3,1,0.0002,tarse rhino randy
range,3,1,0.0001,tarse rypin range
rapid,4,1,0.8061,tarse rhino tabid rapid
rarer,4,1,0.3220,tarse doper rache rarer
raspy,3,1,0.0002,tarse impro raspy
ratio,3,1,0.0001,tarse nitta ratio
ratty,3,1,0.0001,tarse nitta ratty
raven,4,1,0.5932,tarse gyved chawl raven
rayon,4,1,0.1015,tarse rhino zymic rayon
razor,3,1,0.0001,tarse rhino razor
reach,4,1,0.9987,tarse debel clang reach
react,4,1,0.1241,tarse petal docht react
ready,4,1,0.2788,tarse debel itchy ready
realm,4,1,0.2824,tarse debel renay realm
rearm,5,1,0.9701,tarse debel clang weary rearm
rebar,4,1,0.0001,tarse debel zebra rebar
rebel,5,1,5.4151,tarse poind freer limby rebel
rebus,3,1,0.0002,tarse seirs rebus
rebut,3,1,0.0001,tarse oubit rebut
recap,4,1,0.9580,tarse debel clang recap
recur,4,1,5.1293,tarse poind freer recur
recut,4,1,0.0002,tarse oubit erupt recut
reedy,4,1,0.7311,tarse poind muddy reedy
refer,4,1,4.9321,tarse poind freer refer
refit,4,1,0.0002,tarse oubit remit refit
regal,4,1,0.1102,tarse debel crank regal
rehab,3,1,0.0002,tarse debel rehab
reign,3,1,0.0002,tarse poind reign
relax,4,1,0.2910,tarse debel renay relax
relay,4,1,0.2854,tarse debel renay relay
relic,4,1,2.4363,tarse poind bevel relic
remit,3,1,0.0002,tarse oubit remit
renal,4,1,0.1070,tarse debel crank renal
renew,4,1,0.5237,tarse poind bewet renew
repay,4,1,0.9542,tarse debel clang repay
repel,4,1,0.1944,tarse poind reeky repel
reply,4,1,0.2030,tarse poind reeky reply
rerun,4,1,0.2092,tarse bourd pelch rerun
reset,3,1,0.0001,tarse peent reset
resin,3,1,0.0001,tarse seirs resin
retch,5,1,0.2528,tarse oubit mened retry retch
retro,4,1,0.3287,tarse oubit mourn retro
retry,4,1,0.2326,tarse oubit mened retry
reuse,3,1,0.0001,tarse pungo reuse
revel,5,1,5.3793,tarse poind freer limby revel
revue,4,1,0.8626,tarse orbic never revue
rhino,4,1,0.1092,tarse codon grope rhino
rhyme,4,1,0.8844,tarse orbic never rhyme
rider,5,1,0.9602,tarse poind ditch rewet rider
ridge,4,1,0.6214,tarse orbic ruled ridge
rifle,4,1,0.5613,tarse orbic ruled rifle
right,4,1,0.1054,tarse orbit iliac right
rigid,4,1,0.1209,tarse codon devil rigid
rigor,4,1,0.3358,tarse codon rubor rigor
rinse,3,1,0.0002,tarse pungo rinse
ripen,3,1,0.0002,tarse poind ripen
riper,4,1,0.0966,tarse poind revow riper
risen,4,1,0.1021,tarse seirs reman risen
riser,4,1,0.0975,tarse seirs reman riser
risky,4,1,0.4075,tarse poind fisks risky
rival,4,1,0.2835,tarse colin ryked rival
river,5,1,3.0791,tarse poind bevel rejig river
rivet,4,1,0.0002,tarse oubit inert rivet
roach,3,1,0.0001,tarse colin roach
roast,2,1,0.0001,tarse roast
robin,4,1,0.1016,tarse codon rumbo robin
robot,3,1,0.0002,tarse orbit robot
rocky,3,1,0.0002,tarse codon rocky
rodeo,4,1,0.2717,tarse poind cover rodeo
roger,5,1,2.5627,tarse poind revow mango roger
rogue,4,1,0.6876,tarse orbic donga rogue
roomy,4,1,0.3338,tarse codon smirk roomy
roost,3,1,0.0003,tarse cowps roost
rotor,4,1,0.3698,tarse orbit moory rotor
rouge,4,1,0.6369,tarse orbic donga rouge
rough,4,1,0.5895,tarse codon rauli rough
round,3,1,0.0002,tarse codon round
rouse,3,1,0.0001,tarse pungo rouse
route,3,1,0.0001,tarse miaou route
rover,4,1,2.3464,tarse poind revow rover
rowdy,4,1,0.0932,tarse codon aburn rowdy
rower,4,1,2.2253,tarse poind revow rower
royal,3,1,0.0002,tarse colin royal
ruddy,3,1,0.0001,tarse codon ruddy
ruder,4,1,0.7631,tarse poind muddy ruder
rugby,4,1,2.4779,tarse codon fling rugby
ruler,4,1,5.1246,tarse poind freer ruler
rumba,5,1,2.6394,tarse colin drapy rhumb rumba
rumor,4,1,0.3184,tarse codon rubor rumor
rupee,4,1,0.8399,tarse orbic never rupee
rural,4,1,0.6639,tarse aboma funds rural
rusty,3,1,0.0003,tarse stoun rusty
sadly,4,1,0.1013,tarse misls drusy sadly
safer,3,1,0.0001,tarse skyfs safer
saint,3,1,0.0001,tarse bliny saint
salad,4,1,0.2447,tarse misls vendu salad
sally,4,1,0.0991,tarse misls drusy sally
salon,4,1,0.2110,tarse misls vendu salon
salsa,3,1,0.0001,tarse louma salsa
salty,3,1,0.0001,tarse bliny salty
salve,3,1,0.0002,tarse scull salve
salvo,4,1,0.3012,tarse misls vendu salvo
sandy,4,1,0.9923,tarse misls gunky sandy
saner,5,1,0.1808,tarse skyfs bhava sager saner
sappy,5,1,1.0652,tarse misls gunky proud sappy
sassy,4,1,0.3217,tarse louma sibbs sassy
satin,3,1,0.0001,tarse bliny satin
satyr,3,1,0.0001,tarse haafs satyr
sauce,3,1,0.0002,tarse scull sauce
saucy,4,1,1.0480,tarse misls gunky saucy
sauna,4,1,1.0118,tarse misls gunky sauna
saute,4,1,0.0934,tarse cowps swabs saute
savor,3,1,0.0002,tarse impro savor
savoy,5,1,1.0467,tarse misls gunky proud savoy
savvy,5,1,1.1223,tarse misls gunky proud savvy
scald,5,1,0.9069,tarse plaas wench scaly scald
scale,4,1,0.0952,tarse delph clank scale
scalp,3,1,0.0003,tarse plaas scalp
scaly,4,1,0.8502,tarse plaas wench scaly
scamp,5,1,0.5274,tarse plaas oping swamp scamp
scant,3,1,0.0003,tarse clans scant
scare,3,1,0.0001,tarse chump scare
scarf,4,1,0.1084,tarse cramp zurfs scarf
scary,4,1,0.1248,tarse cramp zurfs scary
scene,4,1,0.1028,tarse blind sowce scene
scent,4,1,0.2629,tarse pened cotts scent
scion,4,1,2.9438,tarse plonk bipod scion
scoff,4,1,3.4733,tarse plonk gowds scoff
scold,4,1,0.9556,tarse plonk sowce scold
scone,4,1,0.1179,tarse blind sowce scone
scoop,4,1,1.0792,tarse plonk schif scoop
scope,4,1,0.7715,tarse blind chump scope
score,3,1,0.0002,tarse scowp score
scorn,4,1,0.1027,tarse poind chops scorn
scour,3,1,0.0002,tarse poind scour
scout,4,1,0.2350,tarse louns cheep scout
scowl,4,1,0.9739,tarse plonk sowce scowl
scram,3,1,0.0001,tarse coups scram
scrap,3,1,0.0001,tarse coups scrap
scree,4,1,0.0001,tarse urger spree scree
screw,4,1,0.3805,tarse shoed ficus screw
scrub,3,1,0.0002,tarse bucks scrub
scrum,3,1,0.0001,tarse bucks scrum
scuba,4,1,0.9546,tarse plaas chimo scuba
sedan,3,1,0.0001,tarse deans sedan
seedy,4,1,2.2572,tarse dinlo beefy seedy
segue,4,1,0.7513,tarse blind chump segue
seize,4,1,0.3484,tarse blind epoch seize
semen,4,1,3.1312,tarse dinlo vehme semen
sense,3,1,0.0002,tarse pound sense
sepia,4,1,0.3776,tarse deans pavan sepia
serif,4,1,0.0003,tarse shoed serum serif
serum,3,1,0.0003,tarse shoed serum
serve,3,1,0.0001,tarse urger serve
setup,3,1,0.0002,tarse pened setup
seven,4,1,3.2188,tarse dinlo vehme seven
sever,4,1,0.2927,tarse seirs knowd sever
sewer,4,1,0.3309,tarse seirs knowd sewer
shack,5,1,1.1012,tarse plaas dhoni caddy shack
shade,3,1,0.0002,tarse delph shade
shady,4,1,0.9469,tarse plaas dhoni shady
shaft,4,1,0.5554,tarse clans whiff shaft
shake,4,1,0.0966,tarse delph mujik shake
shaky,5,1,1.0424,tarse plaas dhoni caddy shaky
shale,3,1,0.0002,tarse delph shale
shall,4,1,0.8864,tarse plaas wench shall
shalt,4,1,0.2074,tarse clans kempt shalt
shame,4,1,0.1052,tarse delph mujik shame
shank,4,1,0.8976,tarse plaas dhoni shank
shape,3,1,0.0002,tarse delph shape
shard,4,1,2.1551,tarse cramp soken shard
share,3,1,0.0001,tarse chump share
shark,4,1,2.1708,tarse cramp soken shark
sharp,3,1,0.0001,tarse cramp sharp
shave,4,1,0.0988,tarse delph mujik shave
shawl,4,1,0.9290,tarse plaas wench shawl
shear,3,1,0.0002,tarse sharp shear
sheen,4,1,2.9562,tarse dinlo vehme sheen
sheep,4,1,11.4272,tarse dinlo peeky sheep
sheer,4,1,1.0935,tarse seirs opens sheer
sheet,4,1,0.3491,tarse pened almah sheet
sheik,4,1,1.2076,tarse dinlo ships sheik
shelf,4,1,1.8903,tarse dinlo wheft shelf
shell,4,1,1.9874,tarse dinlo wheft shell
shied,4,1,0.4435,tarse dinlo cheep shied
shift,4,1,0.9039,tarse louns which shift
shine,4,1,0.1040,tarse blind sheep shine
shiny,4,1,0.8260,tarse plonk mugil shiny
shire,3,1,0.0002,tarse scowp shire
shirk,4,1,1.2584,tarse poind lokum shirk
shirt,4,1,0.0998,tarse stoun panko shirt
shoal,4,1,0.1186,tarse plaas hilum shoal
shock,4,1,0.1107,tarse plonk posho shock
shone,4,1,0.1066,tarse blind sowce shone
shook,4,1,0.1154,tarse plonk posho shook
shoot,4,1,0.9924,tarse louns ichor shoot
shore,3,1,0.0001,tarse scowp shore
shorn,4,1,0.1170,tarse poind chops shorn
short,4,1,0.0971,tarse stoun hanap short
shout,4,1,0.2297,tarse louns cheep shout
shove,4,1,0.6926,tarse blind chump shove
shown,4,1,0.4207,tarse plonk bodoh shown
showy,4,1,3.4140,tarse plonk gowds showy
shrew,3,1,0.0002,tarse shoed shrew
shrub,3,1,0.0002,tarse bucks shrub
shrug,4,1,0.0001,tarse bucks syrup shrug
shuck,3,1,0.0002,tarse plonk shuck
shunt,4,1,0.0866,tarse louns sight shunt
shush,4,1,0.3395,tarse fisho plumb shush
shyly,4,1,3.9017,tarse plonk shily shyly
siege,4,1,0.1526,tarse blind emove siege
sieve,4,1,0.1479,tarse blind emove sieve
sight,4,1,0.8494,tarse louns which sight
sigma,4,1,1.0726,tarse plaas chimo sigma
silky,4,1,0.5098,tarse plonk mucks silky
silly,4,1,4.0263,tarse plonk shily silly
since,3,1,0.0002,tarse blind since
sinew,4,1,0.7718,tarse dinlo navew sinew
singe,4,1,0.0001,tarse blind since singe
siren,4,1,0.3428,tarse shoed ficus siren
sissy,4,1,0.0926,tarse fisho scamp sissy
sixth,4,1,0.8565,tarse louns which sixth
sixty,5,1,0.9988,tarse louns which mixis sixty
skate,4,1,0.1073,tarse gelts pluck skate
skier,3,1,0.0004,tarse seirs skier
skiff,4,1,2.9143,tarse plonk chide skiff
skill,4,1,0.5265,tarse plonk mucks skill
skimp,4,1,0.0004,tarse plonk spiky skimp
skirt,4,1,0.1089,tarse stoun panko skirt
skulk,3,1,0.0002,tarse plonk skulk
skull,4,1,0.5116,tarse plonk mucks skull
skunk,3,1,0.0003,tarse plonk skunk
slack,4,1,0.0858,tarse plaas inked slack
slain,4,1,0.1243,tarse plaas inked slain
slang,4,1,0.0913,tarse plaas inked slang
slant,3,1,0.0002,tarse clans slant
slash,4,1,0.1131,tarse lymph scurf slash
slate,3,1,0.0002,tarse gelts slate
slave,4,1,0.1067,tarse delph clank slave
sleek,4,1,4.7896,tarse dinlo gleek sleek
sleep,4,1,4.9248,tarse dinlo gleek sleep
sleet,4,1,0.3837,tarse pened almah sleet
slept,4,1,0.2601,tarse pened cowls slept
slice,3,1,0.0002,tarse blind slice
slick,3,1,0.0003,tarse plonk slick
slide,3,1,0.0001,tarse blind slide
slime,4,1,0.0001,tarse blind slice slime
slimy,4,1,0.7750,tarse plonk blimy slimy
sling,3,1,0.0003,tarse plonk sling
slink,3,1,0.0002,tarse plonk slink
sloop,3,1,0.0002,tarse plonk sloop
slope,3,1,0.0001,tarse blind slope
slosh,3,1,0.0002,tarse fisho slosh
sloth,4,1,0.1177,tarse louns nooit sloth
slump,3,1,0.0002,tarse plonk slump
slung,4,1,0.0002,tarse plonk sling slung
slunk,4,1,0.0002,tarse plonk slink slunk
slurp,4,1,0.1373,tarse poind gulas slurp
slush,4,1,0.3489,tarse fisho plumb slush
slyly,4,1,0.7431,tarse plonk blimy slyly
smack,4,1,0.8596,tarse plaas dhoni smack
small,4,1,0.8433,tarse plaas wench small
smart,3,1,0.0001,tarse skatt smart
smash,3,1,0.0001,tarse lymph smash
smear,4,1,0.1198,tarse sharp mewls smear
smell,5,1,2.2242,tarse dinlo wheft kumys smell
smelt,4,1,1.5717,tarse pened smolt smelt
smile,3,1,0.0002,tarse blind smile
smirk,4,1,1.1455,tarse poind lokum smirk
smite,4,1,0.1105,tarse pinto oakum smite
smith,4,1,0.8340,tarse louns which smith
smock,4,1,0.1157,tarse plonk posho smock
smoke,4,1,0.6965,tarse blind chump smoke
smoky,3,1,0.0002,tarse plonk smoky
smote,3,1,0.0001,tarse pinto smote
snack,4,1,0.8725,tarse plaas dhoni snack
snail,4,1,0.9243,tarse plaas wench snail
snake,4,1,0.2162,tarse delph untag snake
snaky,5,1,0.8915,tarse plaas dhoni snack snaky
snare,3,1,0.0001,tarse chump snare
snarl,4,1,2.1479,tarse cramp soken snarl
sneak,4,1,0.1048,tarse deans pheon sneak
sneer,4,1,1.1329,tarse seirs opens sneer
snide,3,1,0.0001,tarse blind snide
sniff,4,1,3.2390,tarse plonk finds sniff
snipe,3,1,0.0001,tarse blind snipe
snoop,4,1,0.0002,tarse plonk spoon snoop
snore,4,1,0.0001,tarse scowp shore snore
snort,3,1,0.0002,tarse stoun snort
snout,3,1,0.0002,tarse louns snout
snowy,4,1,0.4515,tarse plonk bodoh snowy
snuck,3,1,0.0002,tarse plonk snuck
snuff,4,1,3.1229,tarse plonk finds snuff
soapy,4,1,0.5577,tarse plaas oping soapy
sober,4,1,1.2247,tarse seirs opens sober
soggy,5,1,9.4575,tarse plonk chimb muddy soggy
solar,4,1,0.9059,tarse cramp sulfa solar
solid,4,1,4.6467,tarse plonk build solid
solve,3,1,0.0002,tarse blind solve
sonar,4,1,0.8594,tarse cramp sulfa sonar
sonic,4,1,3.0335,tarse plonk bipod sonic
sooth,3,1,0.0977,tarse louns sooth
sooty,4,1,0.1060,tarse louns sooth sooty
sorry,3,1,0.0002,tarse bucks sorry
sound,4,1,0.5437,tarse plonk wings sound
south,3,1,0.0001,tarse louns south
sower,6,1,1.0749,tarse seirs opens sober soler sower
space,3,1,0.0001,tarse delph space
spade,3,1,0.0001,tarse delph spade
spank,4,1,0.5486,tarse plaas oping spank
spare,3,1,0.0001,tarse chump spare
spark,3,1,0.0001,tarse cramp spark
spasm,3,1,0.0002,tarse lymph spasm
spawn,4,1,0.5208,tarse plaas oping spawn
speak,4,1,0.2939,tarse deans fakey speak
spear,3,1,0.0002,tarse sharp spear
speck,4,1,11.5713,tarse dinlo peeky speck
speed,4,1,2.3409,tarse dinlo beefy speed
spell,5,1,2.2123,tarse dinlo wheft kumys spell
spelt,4,1,0.2206,tarse pened cowls spelt
spend,3,1,0.0003,tarse dinlo spend
spent,3,1,0.0002,tarse pened spent
sperm,3,1,0.0001,tarse seirs sperm
spice,4,1,0.3169,tarse blind epoch spice
spicy,4,1,1.9379,tarse plonk missy spicy
spied,4,1,0.4130,tarse dinlo cheep spied
spiel,4,1,0.8316,tarse dinlo seeps spiel
spike,4,1,0.3561,tarse blind epoch spike
spiky,3,1,0.0002,tarse plonk spiky
spill,4,1,0.0958,tarse plonk humpy spill
spilt,4,1,0.1962,tarse louns spalt spilt
spine,4,1,0.1283,tarse blind sheep spine
spiny,3,1,0.0002,tarse plonk spiny
spire,3,1,0.0001,tarse scowp spire
spite,3,1,0.0001,tarse pinto spite
splat,3,1,0.0001,tarse clans splat
split,4,1,0.2034,tarse louns spalt split
spoil,3,1,0.0004,tarse plonk spoil
spoke,4,1,0.7256,tarse blind chump spoke
spoof,4,1,1.0444,tarse plonk schif spoof
spook,3,1,0.0004,tarse plonk spook
spool,4,1,0.0002,tarse plonk spoil spool
spoon,3,1,0.0002,tarse plonk spoon
spore,3,1,0.0001,tarse scowp spore
sport,4,1,0.1210,tarse stoun hanap sport
spout,4,1,0.2637,tarse louns cheep spout
spray,3,1,0.0003,tarse coups spray
spree,3,1,0.0001,tarse urger spree
sprig,4,1,0.0002,tarse bucks sorry sprig
spunk,3,1,0.0002,tarse plonk spunk
spurn,3,1,0.0001,tarse poind spurn
spurt,3,1,0.0001,tarse stoun spurt
squad,4,1,0.6516,tarse plaas bemud squad
squat,4,1,0.6244,tarse clans putto squat
squib,4,1,8.0341,tarse plonk chimb squib
stack,3,1,0.0002,tarse clans stack
staff,4,1,0.4839,tarse clans whiff staff
stage,3,1,0.0001,tarse gelts stage
staid,4,1,0.5125,tarse clans whiff staid
stain,3,1,0.0002,tarse clans stain
stair,4,1,0.1247,tarse skatt ayins stair
stake,4,1,0.1158,tarse gelts kondo stake
stale,3,1,0.0001,tarse gelts stale
stalk,4,1,0.2080,tarse clans kempt stalk
stall,4,1,0.1865,tarse clans kempt stall
stamp,4,1,0.4487,tarse clans whiff stamp
stand,4,1,0.1110,tarse clans wadge stand
stank,4,1,0.1003,tarse clans wadge stank
stare,2,1,0.0002,tarse stare
stark,3,1,0.0002,tarse skatt stark
start,3,1,0.0001,tarse skatt start
stash,3,1,0.0002,tarse ascot stash
state,4,1,0.1275,tarse gelts pluck state
stave,4,1,0.1196,tarse gelts kondo stave
stead,4,1,0.2899,tarse mesal drown stead
steak,4,1,0.3470,tarse mesal drown steak
steal,3,1,0.0002,tarse mesal steal
steam,3,1,0.0001,tarse mesal steam
steed,3,1,0.0001,tarse pened steed
steel,4,1,0.3214,tarse pened almah steel
steep,3,1,0.0001,tarse pened steep
steer,3,1,0.0001,tarse peent steer
stein,4,1,0.3080,tarse pened cotts stein
stern,3,1,0.0002,tarse peent stern
stick,4,1,0.7864,tarse louns which stick
stiff,4,1,0.8218,tarse louns which stiff
still,4,1,0.1752,tarse louns spalt still
stilt,4,1,0.1854,tarse louns spalt stilt
sting,4,1,0.1194,tarse louns skirt sting
stink,4,1,0.0963,tarse louns skirt stink
stint,4,1,0.1032,tarse louns skirt stint
stock,4,1,0.9316,tarse louns ichor stock
stoic,4,1,0.9452,tarse louns ichor stoic
stoke,4,1,0.1017,tarse pinto vinal stoke
stole,4,1,0.0977,tarse pinto vinal stole
stomp,4,1,0.9921,tarse louns ichor stomp
stone,3,1,0.0002,tarse pinto stone
stony,3,1,0.0001,tarse louns stony
stood,5,1,1.1424,tarse louns ichor skimp stood
stool,4,1,0.1056,tarse louns nooit stool
stoop,5,1,1.0521,tarse louns ichor skimp stoop
store,2,1,0.0001,tarse store
stork,4,1,0.1102,tarse stoun zoomy stork
storm,4,1,0.1074,tarse stoun zoomy storm
story,4,1,0.0995,tarse stoun zoomy story
stout,4,1,0.2250,tarse louns cheep stout
stove,4,1,0.0998,tarse pinto vinal stove
strap,3,1,0.0001,tarse upbow strap
straw,3,1,0.0002,tarse upbow straw
stray,3,1,0.0001,tarse upbow stray
strip,3,1,0.0001,tarse spims strip
strut,3,1,0.0001,tarse spims strut
stuck,4,1,0.1660,tarse louns ekdam stuck
study,4,1,0.1749,tarse louns ekdam study
stuff,4,1,0.1705,tarse louns ekdam stuff
stump,4,1,0.1860,tarse louns ekdam stump
stung,4,1,0.1074,tarse louns sight stung
stunk,4,1,0.0976,tarse louns sight stunk
stunt,4,1,0.1094,tarse louns sight stunt
style,3,1,0.0001,tarse pinto style
suave,4,1,0.2015,tarse delph untag suave
sugar,4,1,0.8896,tarse cramp sulfa sugar
suing,4,1,0.7436,tarse plonk mugil suing
suite,4,1,0.1047,tarse pinto oakum suite
sulky,4,1,0.4787,tarse plonk mucks sulky
sully,4,1,4.1383,tarse plonk shily sully
sumac,4,1,0.6567,tarse plaas bemud sumac
sunny,4,1,0.7636,tarse plonk mugil sunny
super,4,1,1.0357,tarse seirs opens super
surer,4,1,0.3174,tarse shoed ficus surer
surge,3,1,0.0002,tarse urger surge
surly,3,1,0.0002,tarse bucks surly
sushi,5,1,8.4231,tarse plonk chimb desse sushi
swami,4,1,0.8535,tarse plaas dhoni swami
swamp,4,1,0.4828,tarse plaas oping swamp
swarm,3,1,0.0002,tarse cramp swarm
swash,4,1,0.2155,tarse lymph awful swash
swath,4,1,0.4662,tarse clans whiff swath
swear,4,1,0.1058,tarse sharp mewls swear
sweat,4,1,0.3774,tarse mesal drown sweat
sweep,5,1,11.5292,tarse dinlo peeky sheep sweep
sweet,4,1,0.3690,tarse pened almah sweet
swell,4,1,2.0142,tarse dinlo wheft swell
swept,4,1,0.2482,tarse pened cowls swept
swift,4,1,0.9184,tarse louns which swift
swill,4,1,3.9387,tarse plonk shily swill
swine,4,1,0.1022,tarse blind sheep swine
swing,4,1,0.7772,tarse plonk mugil swing
swirl,4,1,1.2581,tarse poind lokum swirl
swish,4,1,0.3330,tarse fisho wicks swish
swoon,4,1,0.3832,tarse plonk bodoh swoon
swoop,4,1,1.1012,tarse plonk schif swoop
sword,3,1,0.0002,tarse poind sword
swore,3,1,0.0001,tarse scowp swore
sworn,4,1,0.1006,tarse poind chops sworn
swung,4,1,0.7642,tarse plonk mugil swung
synod,4,1,3.1465,tarse plonk bipod synod
syrup,3,1,0.0001,tarse bucks syrup
tabby,4,1,0.3108,tarse kylin motif tabby
table,3,1,0.0002,tarse butoh table
taboo,3,1,0.0003,tarse kylin taboo
tacit,3,1,0.0001,tarse kylin tacit
tacky,3,1,0.0001,tarse kylin tacky
taffy,4,1,0.2878,tarse kylin motif taffy
taint,3,1,0.0001,tarse kylin taint
taken,3,1,0.0001,tarse kemps taken
taker,3,1,0.0001,tarse blimp taker
tally,3,1,0.0001,tarse kylin tally
talon,3,1,0.0001,tarse kylin talon
tamer,3,1,0.0001,tarse blimp tamer
tango,4,1,0.1032,tarse kylin cagot tango
tangy,4,1,0.0002,tarse kylin tawny tangy
taper,3,1,0.0001,tarse blimp taper
tapir,3,1,0.0001,tarse axial tapir
tardy,3,1,0.0001,tarse goary tardy
tarot,3,1,0.0001,tarse goary tarot
taste,2,1,0.0001,tarse taste
tasty,3,1,0.0001,tarse kulas tasty
tatty,4,1,0.2816,tarse kylin motif tatty
taunt,4,1,0.1158,tarse kylin cagot taunt
tawny,3,1,0.0003,tarse kylin tawny
teach,3,1,0.0001,tarse milch teach
teary,3,1,0.0001,tarse mudra teary
tease,2,1,0.0001,tarse tease
teddy,3,1,0.0002,tarse indow teddy
teeth,4,1,0.3793,tarse indow hempy teeth
tempo,4,1,0.1167,tarse indow combo tempo
tenet,4,1,0.1000,tarse indow tanty tenet
tenor,3,1,0.0004,tarse moeni tenor
tense,3,1,0.0002,tarse uneth tense
tenth,4,1,0.1058,tarse indow tanty tenth
tepee,4,1,0.0001,tarse hilus tonne tepee
tepid,4,1,0.1045,tarse indow cupel tepid
terra,2,1,0.0001,tarse terra
terse,2,1,0.0001,tarse terse
testy,3,1,0.0001,tarse menil testy
thank,3,1,0.0001,tarse koala thank
theft,4,1,0.3805,tarse indow hempy theft
their,3,1,0.0003,tarse moeni their
theme,4,1,0.2127,tarse hilus abeam theme
there,3,1,0.0002,tarse bicep there
these,3,1,0.0001,tarse uneth these
theta,3,1,0.0001,tarse milch theta
thick,4,1,0.1303,tarse noily oncet thick
thief,3,1,0.0003,tarse indow thief
thigh,4,1,0.1084,tarse noily oncet thigh
thing,4,1,0.0961,tarse noily whigs thing
think,4,1,0.1082,tarse noily whigs think
third,3,1,0.0002,tarse pilot third
thong,3,1,0.0001,tarse noily thong
thorn,3,1,0.0001,tarse pilot thorn
those,3,1,0.0001,tarse uneth those
three,3,1,0.0001,tarse chiro three
threw,3,1,0.0001,tarse skiey threw
throb,3,1,0.0001,tarse hobby throb
throw,3,1,0.0001,tarse hobby throw
thrum,3,1,0.0001,tarse hobby thrum
thumb,3,1,0.0001,tarse noily thumb
thump,4,1,0.0001,tarse noily thumb thump
thyme,4,1,0.2440,tarse hilus abeam thyme
tiara,4,1,0.1111,tarse unlit dicta tiara
tibia,3,1,0.0001,tarse koala tibia
tidal,3,1,0.0001,tarse koala tidal
tiger,4,1,0.2208,tarse moeni droog tiger
tight,4,1,0.1383,tarse noily ditch tight
tilde,3,1,0.0001,tarse hilus tilde
timer,3,1,0.0001,tarse moeni timer
timid,4,1,0.1083,tarse noily ditch timid
tipsy,3,1,0.0001,tarse musit tipsy
titan,3,1,0.0001,tarse koala titan
tithe,3,1,0.0001,tarse hilus tithe
title,3,1,0.0001,tarse hilus title
toast,2,1,0.0001,tarse toast
today,3,1,0.0001,tarse koala today
toddy,4,1,0.0001,tarse noily tommy toddy
token,3,1,0.0001,tarse indow token
tonal,4,1,0.0001,tarse koala total tonal
tonga,3,1,0.0001,tarse koala tonga
tonic,4,1,0.1235,tarse noily zymic tonic
tooth,4,1,0.0974,tarse noily cobot tooth
topaz,4,1,0.0002,tarse koala today topaz
topic,4,1,0.1006,tarse noily patch topic
torch,3,1,0.0001,tarse hobby torch
torso,2,1,0.0001,tarse torso
torus,3,1,0.0001,tarse punim torus
total,3,1,0.0001,tarse koala total
totem,4,1,0.1171,tarse indow combo totem
touch,4,1,0.1253,tarse noily cobot touch
tough,4,1,0.1147,tarse noily cobot tough
towel,3,1,0.0002,tarse indow towel
tower,3,1,0.0002,tarse moeni tower
toxic,4,1,0.1250,tarse noily patch toxic
toxin,4,1,0.1311,tarse noily zymic toxin
trace,3,1,0.0001,tarse cupid trace
track,3,1,0.0001,tarse unlit track
tract,3,1,0.0001,tarse unlit tract
trade,3,1,0.0002,tarse cupid trade
trail,3,1,0.0001,tarse unlit trail
train,3,1,0.0001,tarse unlit train
trait,3,1,0.0001,tarse unlit trait
tramp,4,1,0.0004,tarse unlit track tramp
trash,2,1,0.0002,tarse trash
trawl,3,1,0.0002,tarse unlit trawl
tread,3,1,0.0002,tarse mudra tread
treat,3,1,0.0003,tarse mudra treat
trend,3,1,0.0002,tarse moeni trend
triad,4,1,0.1204,tarse unlit dicta triad
trial,3,1,0.0001,tarse unlit trial
tribe,3,1,0.0003,tarse bicep tribe
trice,3,1,0.0001,tarse bicep trice
trick,4,1,0.0001,tarse pilot third trick
tried,4,1,0.2447,tarse moeni droog tried
tripe,3,1,0.0001,tarse bicep tripe
trite,4,1,0.1093,tarse bicep drunk trite
troll,3,1,0.0001,tarse pilot troll
troop,3,1,0.0001,tarse pilot troop
trope,3,1,0.0001,tarse bicep trope
trout,3,1,0.0001,tarse pilot trout
trove,4,1,0.0001,tarse bicep there trove
truce,3,1,0.0001,tarse bicep truce
truck,4,1,0.1097,tarse pilot hunts truck
truer,4,1,0.1505,tarse moeni wryer truer
truly,3,1,0.0001,tarse pilot truly
trump,3,1,0.0001,tarse pilot trump
trunk,4,1,0.1067,tarse pilot hunts trunk
truss,3,1,0.0001,tarse sudsy truss
trust,3,1,0.0001,tarse sudsy trust
truth,4,1,0.1125,tarse pilot hunts truth
tryst,3,1,0.0001,tarse sudsy tryst
tubal,4,1,0.0001,tarse koala tidal tubal
tuber,4,1,0.1875,tarse moeni wryer tuber
tulip,3,1,0.0003,tarse noily tulip
tulle,3,1,0.0002,tarse hilus tulle
tumor,3,1,0.0001,tarse pilot tumor
tunic,3,1,0.0001,tarse noily tunic
turbo,3,1,0.0001,tarse hobby turbo
tutor,4,1,0.0001,tarse pilot tumor tutor
twang,4,1,0.1901,tarse koala wingy twang
tweak,3,1,0.0002,tarse milch tweak
tweed,3,1,0.0001,tarse indow tweed
tweet,3,1,0.0001,tarse indow tweet
twice,4,1,0.1213,tarse hilus newts twice
twine,4,1,0.1036,tarse hilus newts twine
twirl,4,1,0.0003,tarse pilot trill twirl
twist,3,1,0.0002,tarse musit twist
twixt,4,1,0.1315,tarse noily oncet twixt
tying,3,1,0.0001,tarse noily tying
udder,4,1,0.7418,tarse poind muddy udder
ulcer,5,1,5.3000,tarse poind freer burgh ulcer
ultra,4,1,0.2660,tarse franc patta ultra
umbra,5,1,2.5581,tarse colin drapy rhumb umbra
uncle,4,1,0.0986,tarse mould bufty uncle
uncut,4,1,0.4443,tarse butoh fecit uncut
under,3,1,0.0002,tarse poind under
undid,3,1,0.0002,tarse blond undid
undue,4,1,0.5806,tarse mould funic undue
unfed,5,1,0.3526,tarse dinlo euked unwed unfed
unfit,4,1,0.4183,tarse butoh fecit unfit
unify,4,1,3.4064,tarse blond punky unify
union,5,1,4.5726,tarse blond conga ouija union
unite,3,1,0.0002,tarse ontic unite
unity,4,1,0.4276,tarse butoh fecit unity
unlit,4,1,0.4102,tarse butoh fecit unlit
unmet,4,1,1.0901,tarse helot divna unmet
unset,4,1,0.0961,tarse pened zoris unset
untie,3,1,0.0001,tarse ontic untie
until,3,1,0.0001,tarse butoh until
unwed,4,1,0.3524,tarse dinlo euked unwed
unzip,4,1,3.3896,tarse blond punky unzip
upper,4,1,0.1847,tarse poind reeky upper
upset,3,1,0.0001,tarse pened upset
urban,4,1,0.4304,tarse colin dweeb urban
urine,5,1,0.5028,tarse orbic dogma plump urine
usage,4,1,0.1676,tarse delph untag usage
usher,4,1,0.3860,tarse seirs kohls usher
using,4,1,0.7564,tarse plonk mugil using
usual,4,1,0.1048,tarse plaas hilum usual
usurp,4,1,0.0926,tarse poind gulas usurp
utile,4,1,0.2659,tarse ontic eughs utile
utter,3,1,0.0001,tarse oubit utter
vague,4,1,1.1748,tarse climb plung vague
valet,4,1,0.1676,tarse dight pelfs valet
valid,4,1,2.8752,tarse nimby livid valid
valor,4,1,0.1020,tarse rhino filmy valor
value,4,1,0.9248,tarse climb vendu value
valve,4,1,0.8411,tarse climb vendu valve
vapid,4,1,2.7861,tarse nimby livid vapid
vapor,4,1,0.0975,tarse rhino filmy vapor
vault,5,1,0.5340,tarse bunch mogul fault vault
vaunt,4,1,0.4648,tarse bunch gyved vaunt
vegan,4,1,0.3225,tarse leman grovy vegan
venom,4,1,0.4779,tarse dinlo vehme venom
venue,4,1,1.0120,tarse mould nieve venue
verge,4,1,0.2353,tarse ungod climb verge
verse,3,1,0.0002,tarse cough verse
verso,2,1,0.0001,tarse verso
verve,4,1,0.9971,tarse ungod melic verve
vicar,3,1,0.0004,tarse colin vicar
video,3,1,0.0002,tarse dinlo video
vigil,5,1,4.0231,tarse blond fully civil vigil
vigor,4,1,0.2797,tarse codon rubor vigor
villa,4,1,0.6135,tarse colin pizza villa
vinyl,4,1,0.5024,tarse blond pinky vinyl
viola,3,1,0.0002,tarse colin viola
viper,4,1,0.0973,tarse poind revow viper
viral,4,1,0.7023,tarse aboma funds viral
virus,3,1,0.0003,tarse bucks virus
visit,5,1,1.0255,tarse louns which mixis visit
visor,3,1,0.0001,tarse poind visor
vista,4,1,0.6646,tarse clans putto vista
vital,4,1,0.5554,tarse point limba vital
vivid,4,1,0.1011,tarse blond vichy vivid
vixen,3,1,0.3567,tarse dinlo vixen
vocal,4,1,0.0967,tarse colin ollav vocal
vodka,4,1,2.6862,tarse colin dumka vodka
vogue,3,1,0.0002,tarse mould vogue
voice,4,1,2.4261,tarse mould zincy voice
voila,3,1,0.0004,tarse colin voila
vomit,4,1,1.4810,tarse butoh filmy vomit
voter,4,1,0.3313,tarse oubit mourn voter
vouch,4,1,5.0853,tarse blond cuppy vouch
vowel,4,1,1.4594,tarse dinlo bylaw vowel
vying,4,1,1.4287,tarse blond figgy vying
wacky,5,1,3.7364,tarse nimby pudic jawan wacky
wafer,4,1,2.4728,tarse gyved flock wafer
wager,4,1,0.4024,tarse gyved repel wager
wagon,4,1,2.7349,tarse nimby opgaf wagon
waist,3,1,0.0001,tarse whomp waist
waive,4,1,0.0946,tarse climb nowed waive
waltz,4,1,1.8214,tarse bunch zamia waltz
warty,3,1,0.0002,tarse kwaai warty
waste,3,1,0.0001,tarse cowps waste
watch,5,1,0.5294,tarse bunch humpy clung watch
water,4,1,0.4003,tarse recep dwalm water
waver,4,1,0.5823,tarse gyved chawl waver
waxen,4,1,0.0002,tarse pownd waken waxen
weary,4,1,0.9164,tarse debel clang weary
weave,4,1,0.7131,tarse clang avize weave
wedge,4,1,0.7221,tarse mould heder wedge
weedy,4,1,3.1166,tarse dinlo kedgy weedy
weigh,4,1,0.4164,tarse dinlo heame weigh
weird,4,1,0.1167,tarse poind dwarf weird
welch,4,1,3.2437,tarse dinlo zebec welch
welsh,3,1,0.0001,tarse pligs welsh
wench,5,1,0.8881,tarse dinlo bhaji chowk wench
whack,4,1,0.1065,tarse colin busky whack
whale,4,1,0.1546,tarse clang weave whale
wharf,4,1,2.6016,tarse colin drapy wharf
wheat,3,1,0.0002,tarse melch wheat
wheel,5,1,3.4124,tarse dinlo zebec swerf wheel
whelp,5,1,1.0809,tarse dinlo jelab quell whelp
where,4,1,0.8680,tarse orbic never where
which,5,1,6.5280,tarse blond wimpy zincs which
whiff,5,1,6.6902,tarse blond wimpy zincs whiff
while,4,1,0.6093,tarse mould vichy while
whine,4,1,2.8442,tarse mould wince whine
whiny,4,1,1.3808,tarse blond figgy whiny
whirl,5,1,2.8712,tarse codon fling phobe whirl
whisk,4,1,0.3759,tarse fisho wicks whisk
white,4,1,0.3358,tarse ontic eughs white
whole,3,1,0.0003,tarse mould whole
whoop,4,1,2.2332,tarse blond pooch whoop
whose,4,1,0.1299,tarse pound whilk whose
widen,4,1,0.1007,tarse dinlo fixed widen
wider,5,1,0.8778,tarse poind ditch rewet wider
widow,4,1,1.0699,tarse blond muggy widow
width,4,1,0.1052,tarse butoh indol width
wield,4,1,0.1132,tarse dinlo boyfs wield
wight,5,1,1.6264,tarse butoh flung howks wight
willy,5,1,4.5355,tarse blond fully whang willy
wimpy,3,1,5.5800,tarse blond wimpy
wince,3,1,2.4843,tarse mould wince
winch,5,1,3.8084,tarse blond punky whoof winch
windy,4,1,0.8165,tarse blond glike windy
wiser,4,1,0.1181,tarse seirs reman wiser
wispy,4,1,1.9543,tarse plonk missy wispy
witch,5,1,0.5714,tarse butoh hempy wedgy witch
witty,4,1,0.5214,tarse butoh zinky witty
woken,4,1,1.3850,tarse dinlo chowk woken
woman,4,1,0.5573,tarse colin baghs woman
women,4,1,1.4049,tarse dinlo chowk women
woody,4,1,0.8206,tarse blond dwalm woody
wooer,5,1,3.1168,tarse poind revow clomb wooer
wooly,4,1,0.8134,tarse blond pocky wooly
woozy,5,1,2.9461,tarse blond pooch fowth woozy
wordy,4,1,0.2098,tarse courd kugel wordy
world,3,1,0.0002,tarse courd world
worry,4,1,0.1312,tarse courd zloty worry
worse,3,1,0.0003,tarse cough worse
worst,3,1,0.0001,tarse hoied worst
worth,4,1,0.1061,tarse poufy bawrs worth
would,4,1,0.1107,tarse blond medic would
wound,4,1,0.2059,tarse blond whams wound
woven,5,1,1.6854,tarse dinlo chowk women woven
wrack,5,1,0.5284,tarse colin rhabd lowry wrack
wrath,4,1,0.1952,tarse franc witty wrath
wreak,5,1,1.4724,tarse debel acock freak wreak
wreck,4,1,4.4505,tarse poind freer wreck
wrest,3,1,0.0001,tarse crest wrest
wring,4,1,0.3877,tarse codon wingy wring
wrist,3,1,0.0003,tarse cowps wrist
write,3,1,0.0002,tarse miaou write
wrong,4,1,0.1014,tarse codon grope wrong
wrote,3,1,0.0001,tarse miaou wrote
wrung,4,1,0.6655,tarse codon wingy wrung
wryly,4,1,2.5754,tarse codon fling wryly
yacht,3,1,0.0002,tarse bunch yacht
yearn,4,1,0.8214,tarse debel clang yearn
yeast,3,1,0.0004,tarse flyby yeast
yield,4,1,0.1076,tarse dinlo boyfs yield
young,4,1,0.7139,tarse blond guimp young
youth,4,1,0.1016,tarse butoh campy youth
zebra,3,1,0.0004,tarse debel zebra
zesty,4,1,2.5966,tarse pened fisks zesty
zonal,4,1,0.1453,tarse colin monad zonal
